-- phpMyAdmin SQL Dump
-- version 5.0.2
-- https://www.phpmyadmin.net/
--
-- Хост: 127.0.0.1:3306
-- Время создания: Июн 21 2020 г., 15:58
-- Версия сервера: 8.0.19
-- Версия PHP: 7.1.33

SET SQL_MODE = "NO_AUTO_VALUE_ON_ZERO";
START TRANSACTION;
SET time_zone = "+00:00";


/*!40101 SET @OLD_CHARACTER_SET_CLIENT=@@CHARACTER_SET_CLIENT */;
/*!40101 SET @OLD_CHARACTER_SET_RESULTS=@@CHARACTER_SET_RESULTS */;
/*!40101 SET @OLD_COLLATION_CONNECTION=@@COLLATION_CONNECTION */;
/*!40101 SET NAMES utf8mb4 */;

--
-- База данных: `newsboard`
--

-- --------------------------------------------------------

--
-- Структура таблицы `categories`
--

CREATE TABLE `categories` (
  `id` int NOT NULL,
  `name` varchar(30) NOT NULL,
  `description` text NOT NULL
) ENGINE=InnoDB DEFAULT CHARSET=utf8;

--
-- Дамп данных таблицы `categories`
--

INSERT INTO `categories` (`id`, `name`, `description`) VALUES
(1, 'Политика', 'Актуальные новости на острые политические темы со всего света.'),
(2, 'Экономика', 'Актуальные и интересные новости экономической сферы со всего света.'),
(3, 'Спорт', 'Актуальные и интересные новости спорта и спортивных достижений со всего света.');

-- --------------------------------------------------------

--
-- Структура таблицы `join_table`
--

CREATE TABLE `join_table` (
  `news_id` int NOT NULL,
  `category_id` int NOT NULL
) ENGINE=InnoDB DEFAULT CHARSET=utf8;

--
-- Дамп данных таблицы `join_table`
--

INSERT INTO `join_table` (`news_id`, `category_id`) VALUES
(1, 1),
(4, 1),
(5, 1),
(6, 1),
(7, 1),
(8, 1),
(10, 1),
(11, 1),
(12, 1),
(13, 1),
(14, 3),
(15, 1),
(16, 1),
(17, 2),
(18, 2),
(19, 2),
(20, 2),
(21, 2),
(22, 2),
(23, 2),
(24, 2),
(25, 2),
(26, 2),
(27, 3),
(28, 3),
(29, 3),
(30, 3),
(31, 3),
(32, 3);

-- --------------------------------------------------------

--
-- Структура таблицы `keywords`
--

CREATE TABLE `keywords` (
  `category_id` int NOT NULL,
  `keyword` varchar(50) NOT NULL
) ENGINE=InnoDB DEFAULT CHARSET=utf8;

--
-- Дамп данных таблицы `keywords`
--

INSERT INTO `keywords` (`category_id`, `keyword`) VALUES
(1, 'политика'),
(1, 'страны'),
(1, 'государства'),
(1, 'международные'),
(1, 'отношения'),
(1, 'выборы'),
(1, 'президент'),
(1, 'парламент'),
(1, 'демократия'),
(1, 'республика'),
(1, 'тоталитаризм'),
(1, 'авторитаризм'),
(1, 'права'),
(1, 'закон'),
(1, 'конституция'),
(1, 'законы'),
(1, 'популизм'),
(1, 'войны'),
(1, 'революция'),
(1, 'оппозиция'),
(1, 'власть'),
(1, 'сенат'),
(1, 'депутат'),
(1, 'сенатор'),
(1, 'мэр'),
(1, 'губернатор'),
(1, 'король'),
(1, 'монарх'),
(1, 'председатель'),
(2, 'экономика'),
(2, 'хозяйство'),
(2, 'деньги'),
(2, 'банки'),
(2, 'долги'),
(2, 'микроэкономика'),
(2, 'макроэкономика'),
(2, 'кризис'),
(2, 'инфляция'),
(2, 'девальвация'),
(2, 'капитал'),
(2, 'состояние'),
(2, 'застой'),
(2, 'чудо'),
(2, 'дефляция'),
(2, 'цена'),
(2, 'стоимость'),
(2, 'доходы'),
(2, 'бюджет'),
(2, 'госдолг'),
(2, 'государственный долг'),
(2, 'ввп'),
(2, 'валовой внутренний продукт'),
(2, 'внп'),
(2, 'валовой национальный продукт'),
(2, 'среднедушевой доход'),
(2, 'мрот'),
(2, 'прибыль'),
(2, 'издержки'),
(2, 'рентабильность'),
(2, 'ммвб'),
(2, 'биржа'),
(2, 'рынок'),
(2, 'ртс'),
(2, 'всемирный банк'),
(2, 'безработица'),
(2, 'производительность труда'),
(2, 'котировки'),
(2, 'акции'),
(2, 'облигации'),
(2, 'вклады'),
(2, 'закредитованность'),
(2, 'прожиточный минимум'),
(2, 'экономический рост'),
(3, 'спорт'),
(3, 'чемпионат'),
(3, 'соревнование'),
(3, 'кубок'),
(3, 'мастер спорта'),
(3, 'кмс'),
(3, 'чемпион'),
(3, 'победитель'),
(3, 'игра'),
(3, 'матч'),
(3, 'партия'),
(3, 'встреча'),
(3, 'футбол'),
(3, 'валейбол'),
(3, 'баскетбол'),
(3, 'теннис'),
(3, 'пинг-понг'),
(3, 'Настольный теннис'),
(3, 'шахматы'),
(3, 'гроссмейстер'),
(3, 'бокс'),
(3, 'борьба'),
(3, 'хоккей'),
(3, 'гандбол'),
(3, 'лыжный спорт'),
(3, 'гребля'),
(3, 'кёрлинг'),
(3, 'биатлон'),
(3, 'фигурное катание'),
(3, 'конькобежный спорт'),
(3, 'олимпиада'),
(3, 'допинг'),
(3, 'спортивная ходьба'),
(3, 'марафон'),
(3, 'велосипедный спорт'),
(3, 'слалом'),
(3, 'спортивное плавание'),
(3, 'спортивное ныряние');

-- --------------------------------------------------------

--
-- Структура таблицы `news`
--

CREATE TABLE `news` (
  `id` int NOT NULL,
  `title` varchar(100) NOT NULL,
  `text` text NOT NULL,
  `date` date NOT NULL,
  `author_id` int NOT NULL,
  `status` varchar(30) NOT NULL
) ENGINE=InnoDB DEFAULT CHARSET=utf8;

--
-- Дамп данных таблицы `news`
--

INSERT INTO `news` (`id`, `title`, `text`, `date`, `author_id`, `status`) VALUES
(1, 'Число случаев заражения коронавирусом в мире привысило 7 миллионов', 'Число случаев заражения коронавирусом нового типа в мире превысило 7,1 миллиона, свыше 408 тысяч человек с COVID-19 скончались, сообщает Всемирная организация здравоохранения (ВОЗ). Согласно последним данным организации, за сутки зарегистрирован 105 621 новый случай заболевания COVID-19, умерли 3 629 пациентов. Таким образом, общее число выявленных случаев COVID-19 в мире составляет 7 145 539, количество летальных исходов - 408 025. Всемирная организация здравоохранения 11 марта объявила вспышку новой коронавирусной инфекции COVID-19 пандемией.', '2020-06-11', 1, 'accepted'),
(4, 'США собираются \"подарить\" Германию России', 'В контексте заявлений комиссара по внешней политике Еврокомиссии Жозепа Борреля о том, что в мире после американского начался \"азиатский век\", можно было ожидать, что Вашингтон попробует усилить давление на Брюссель.\r\nТакое предположение о следующих действиях Вашингтона могло быть выдвинуто хотя бы исходя из исторического опыта последних 15-20 лет, который указывает на то, что любая попытка европейских (да и не только европейских) политиков почувствовать вкус свободы и выбежать за геополитические флажки, заботливо расставленные дипломатами Госдепа и прочими эмиссарами американского \"глубинного государства\", заканчивалась жесткой местью с применением дипломатического давления, санкций, а в случае необходимости — даже технологий \"цветных революций\". Соответственно, заявление о том, что Евросоюз не будет выступать в качестве младшего союзника США в борьбе с Китаем, которая является очевидной и главной геополитической задачей США как минимум на ближайшее десятилетие, не могло остаться безнаказанным. Тем более что Евросоюз сделал еще и заявку на самостоятельную внешнюю политику в Азии и даже начал реализовывать свои угрозы по лишению американских IT-гигантов (таких как Facebook или Microsoft) возможностей заниматься налоговой оптимизацией на территории Евросоюза.\r\nНаказание действительно последовало, и буквально в пятницу американские СМИ раскрыли план этого наказания, но есть важный нюанс: многие, в том числе американские, эксперты справедливо считают, что эти действия скорее усилят дистанцирование между США и Евросоюзом и даже помогут России.\r\nФлагман деловых американских СМИ The Wall Street Journal со ссылкой на собственные источники и на подтверждения, полученные от высокопоставленных представителей Пентагона, сообщает о демонстративном наказании Германии (как фактического лидера Евросоюза) за антиамериканское поведение:\r\n\"Президент Трамп дал указание Пентагону вывести к сентябрю тысячи американских военнослужащих из Германии, что должно кардинально изменить военную позицию США в Европе и отразить растущую напряженность между Вашингтоном и Берлином из-за военных расходов и других вопросов безопасности, заявили представители правительства США. Приказ о выводе военных снизил бы присутствие американских войск в Германии на 9,5 тысячи (из 34,5 тысячи военнослужащих, которые там постоянно дислоцируются). Это также ограничит (максимальное. — Прим. ред.) число американских военнослужащих в Германии в будущем. В соответствии с существующей практикой общее количество военнослужащих (США в Германии. — Прим. ред.) может достигать 52 тысяч, в случае если подразделения ротируются и участвуют в учениях\".\r\nЕсли следовать официальной логике вашингтонского политического дискурса и конкретно тому варианту восприятия мира, который пропагандируется определенным сегментом американской политической элиты, к которому принадлежит сам Трамп, то суть наказания заключается в том, что Германию лишают американской военной защиты. Это снижение \"уровня защищенности\" не является полным, а скорее — демонстративным, то есть необходимо в качестве доказательства того, что если Берлин и Брюссель таки не захотят платить дополнительные десятки или сотни миллиардов долларов в год на содержание НАТО (а по сути, в американский военный бюджет), то США оставит Германию или даже весь Евросоюз полностью беззащитными перед российской агрессией. В американской официальной картине мира, которую проповедуют даже самые ярые внутриполитические оппоненты, такие как CNN и Foxnews, только присутствие американских войск на немецкой земле является эдаким магическим оберегом, который защищает Берлин и Мюнхен от российских танковых клиньев, \"зеленых человечков, аннексировавших Крым\", и прочих \"ужасов российской оккупации\". Соответственно, в этой бредовой картине мира, если \"неблагодарная Меркель\" не хочет платить, а европейские дипломаты не хотят в плотном строю и с американским флагом в руках бросаться на китайские амбразуры в Гонконге, то вывод примерно трети американских войск из Германии — это демонстрация готовности отдать Германию и Евросоюз на съедение голодному российскому медведю. Нам (как и многим европейцам) такая логика кажется смешной и абсурдной, но официальный политический дискурс и пропагандистские клише в какой-то момент обязательно становятся заложниками собственных прошлых успехов, и если именно этот образ России выстраивался уже много лет, то сейчас говорить нечто другое американской публике уже нельзя: она просто не поймет столь быстрой смены картины мира.\r\nВ результате оппоненты Трампа критикуют это решение, но не с позиции того, что оно демонстрирует неспособность просто \"прижать к ногтю\" европейских политиков, как это сделал бы любой президент до него, а с точки зрения того, что это решение является \"подарком для Кремля\".\r\nГлавный специалист телеканала CNN по вопросам национальной безопасности Джим Сьютто (Jim Sciutto) прокомментировал решение о сокращении военного присутствия США в Германии:\r\n\"Самый прямой бенефициар этого — Россия\".\r\nЕдинственная польза для России от этого решения заключается в том, что Вашингтон продемонстрировал неспособность эффективно \"давить\" на Германию, что негативно влияет на восприятие США как мирового гегемона.\r\nМогло бы показаться, что вместо дипломатического или военного давления США при президенте-бизнесмене Трампе решили перейти на экономическое и санкционное давление, но с этим тоже есть сложности. Например, новый пакет санкций против \"Северного потока — 2\" почему-то не содержит санкций против покупателей российского газа, которыми американские СМИ и источники пытались пугать европейских и российских инвесторов.\r\nThe New York Times сообщает о реальном содержании нового санкционного пакета:\r\n\"Сенаторы США опубликовали в четверг законопроект о расширении санкций в отношении российского газопровода Nord Stream 2, нацеленных на проект, который, по словам Вашингтона, усилит экономическое и политическое влияние Москвы в Германии и других европейских странах. <...> Новый законопроект, предложенный сенаторами — республиканцем Тедом Крузом и демократом Жанной Шахин, — предполагает расширение санкций путем включения в них штрафов для сторон, участвующих в прокладке трубопровода, и сторон, предоставляющих услуги по страхованию или перестрахованию проекта. Круз сказал, что \"ясно дает понять, что те, кто связан с судами, устанавливающими трубопровод, столкнутся с серьезными последствиями и немедленными санкциями\".\r\nСанкции получились довольно неубедительными, хотя надо признать, что повысить их агрессивность еще не поздно.\r\nМожно было бы предположить, что последним доводом США в борьбе за удержание статуса мирового гегемона станет массовое использование \"оранжевых технологий\" в борьбе с Китаем и Евросоюзом, не говоря уже о России. Такие попытки действительно есть, но никаких свежих успехов не наблюдается, зато американские элитарии уже явно используют \"цветные технологии\" для борьбы между собой, и есть неплохие шансы на то, что после окончания этой внутриэлитной войны США будут не в том состоянии, чтобы силовым или экономическим образом восстановить свое былое доминирование — не только в мире, но даже и среди собственных союзников-вассалов вроде Германии.', '2020-06-11', 1, 'accepted'),
(5, 'Роспотребнадзор дал рекомендации по дезинфекции в условиях эпидемии', 'Роспотребнадзор рекомендует дезинфицировать подъезды ночью и предупреждать об этом жителей, сообщила замглавы ведомства Ирина Брагина на тематическом обсуждении в Совете по правам человека.\r\n\"Мы также в своих рекомендациях не даем разрешения для использования дезинфицирующих средств, особенно аэрозольным способом, в присутствии человека\", — добавила она.\r\nПо мнению специалистов, дезинфицировать надо поверхности, с которыми люди контактируют, например, скамейки или детские площадки. При этом дезинфекция тротуаров и дорог не имеет смысла.\r\nБрагина подчеркнула, что позиция Роспотребнадзора не противоречит рекомендациям Всемирной организации здравоохранения.\r\nВ свою очередь, замдиректора НИИ дезинфектологии Николай Шестопалов отметил, что распыление аэрозолей может навредить здоровью.\r\nОн добавил, что в России зарегистрировано только два средства, которые безопасны для проведения этих работ.\r\nКроме того, по его словам, применение дезинфицирующих средств для обработки людей на входе в помещение не поможет от передачи вируса бессимптомным носителем.\r\n\"Его можно даже опускать в это средство и вымачивать там, все равно при кашле или чихании он будет выделять этот вирус, независимо от того, как и чем его обработали\", — заключил Шестопалов.\r\nАктуальные данные о ситуации с COVID-19 в России и мире представлены на портале стопкоронавирус.рф.', '2020-06-11', 1, 'accepted'),
(6, 'Не выдержали: саудиты окончательно сдались в нефтяной войне', 'Саудовская Аравия отменила почти все скидки, обещанные Европе и Азии после начала ценовой войны с Россией. Июльские поставки саудовской сырой нефти резко подорожали. Аналитики указывают: Эр-Рияд пытается любым способом добиться роста котировок до приемлемого для себя уровня, чтобы восстановить экономику, подорванную противостоянием с Москвой.\r\nНа мартовском заседании ОПЕК+ Россия отказалась выполнить ультимативное требование Эр-Рияда о резком сокращении добычи, и саудиты пообещали залить мир дешевой нефтью. Госкомпания Saudi Aramco снизила стоимость сырья для США на семь долларов за баррель, для Северной Европы — на восемь, Восточной и Юго-Восточной Азии — на шесть.\r\nЭр-Рияд перешел к \"политике максимальной добычи\": правительство поручило Saudi Aramco увеличить экспорт на треть — с 9,7 до 12,3 миллиона баррелей в сутки. Одновременно саудиты жестко демпинговали на европейском рынке, стремясь подорвать позиции России: предлагали поставки на 10,25 доллара ниже цены сорта Brent. В результате котировки обрушились с 51 доллара в феврале до 32 в марте и 27 в апреле.\r\nУже через месяц стало ясно: ввязавшись в ценовую войну с Россией, саудиты не рассчитали силы.\r\nПришлось залезть в долги. Эр-Рияд привлек на финансовом рынке семь миллиардов долларов, выпустив еврооблигации со сроком погашения через пять с половиной, десять с половиной и 40 лет. Активно тратили и резервы. В марте — апреле ЗВР страны сократились почти на 48,6 миллиарда долларов, максимально за два десятка лет. У королевства осталось 448,6 миллиарда — минимум с 2011-го.\r\nС 2014 года, когда нефтяные котировки тоже обрушились, резервы Эр-Рияда снизились более чем на 200 миллиардов долларов. Сейчас экономика страны гораздо слабее. В итоге правительство решилось на непопулярные меры: троекратно повысило НДС, отказалось от выплаты прожиточного минимума.\r\n\"Мы переживаем серьезный кризис, какого еще не видели в современной истории, — заявил в мае саудовский министр финансов Мохаммед аль-Джадаан. — Проблемы на нефтяном рынке привели к сокращению доходов и такому давлению на государственные финансы, что с этим трудно справиться без ущерба макроэкономике в среднесрочной и долгосрочной перспективе\".\r\nВ субботу, 6 июня, переговоры ОПЕК+ успешно завершились, ценовое ралли, которое продолжалось весь май (Brent отыграла 70% потерь), продолжилось. Экспортеры условились продлить режим максимального сокращения добычи — на 9,7 миллиона баррелей в день — до августа.\r\nГоскомпания Saudi Aramco отменила с июля почти все скидки, предоставленные европейским и азиатским клиентам после начала ценовой войны с Россией. Больше всего придется платить покупателям из Азии — на ключевом для саудитов рынке. Как сообщает Platts со ссылкой на прайс-лист компании, опубликованный в воскресенье, для Азии самый популярный сорт Arab Light подорожает на 6,1 доллара, Arab Super Light — на 7,3, Arab Extra Light — на 6,7. Тяжелые сорта Arab Medium и Arab Heavy — на 5,9 и 5,6 доллара соответственно. Для Европы, где саудовская нефть конкурирует с российской Urals, в стоимости прибавит вся линейка.\r\nЭтот скачок отгрузочных цен на саудовскую нефть — рекордный за 20 лет, отметили в Rystad Energy.\r\nКак указывают аналитики, Эр-Рияд явно пытается любым способом добиться повышения котировок до приемлемых для себя уровней. Госкомпания Saudi Aramco — де-факто регулятор цен на Ближнем Востоке, поэтому власти рассчитывают на то, что ее примеру последуют и другие производители в регионе.\r\nПо данным Bloomberg, эксперты ждали более умеренного подорожания — на четыре доллара за баррель при скидках 0,80-1,90 доллара. Но Саудовская Аравия поступила иначе.\r\nБлижневосточные соседи между тем признали: политика Эр-Рияда оказалась большой ошибкой.\r\n\"Саудовская Аравия совершила крупный просчет, когда инициировала ценовую войну с Россией, наводнив дешевым сырьем и без того перенасыщенный мировой рынок, который испытал потрясение от падения спроса на нефть из-за пандемии коронавируса\", — указал министр энергетики Катара и глава Qatar Petroleum Саад аль-Кааби.', '2020-06-11', 1, 'accepted'),
(7, '\"Вспотел, как в бане\": эту операцию военные летчики считают самой опасной', 'Правильно рассчитать скорость, точно оценить дистанцию и несколько минут удерживать машину в одном положении — дозаправка в воздухе считается одним из самых сложных элементов летной подготовки и требует от экипажа железной выдержки. Чтобы получить допуск на это, нужно иметь солидный опыт группового пилотажа. О тонкостях передачи топлива с одного самолета на другой — в материале РИА Новости.\r\nДолив керосина в небе резко увеличивает дальность полета и даже, в теории, может сделать ее неограниченной. Особенно это актуально для машин, действующих на большом расстоянии от аэродрома базирования. Ведь далеко не всегда после выполнения боевой задачи в баках достаточно горючего, чтобы дотянуть до дома. \r\nНа помощь приходят самолеты-заправщики, или, как их называют сами летчики, танкеры. Эти “летающие бензоколонки”, как правило, представляют собой модификацию грузовых бортов военно-транспортной авиации. На них устанавливают дополнительные емкости с авиационным керосином и специальные системы перекачки топлива. В России единственный специализированный тип самолета-заправщика — Ил-78 и его вариант Ил-78М. Их в ВКС пять и десять бортов соответственно.\r\nДля перекачки керосина на лету российская авиация использует формулу \"шланг — конус — штанга\". Самолет комплектуется одной или несколькими подвесными заправочными установками. Как правило, две находятся под крыльями, за мотогондолами двигателей, а третья — в хвостовой части фюзеляжа. У каждой — гибкий шланг длиной в несколько десятков метров. На его конце — так называемый конус, напоминающий бадминтонный волан. Это и есть \"заправочный пистолет\".\r\n\"Танкер набирает определенную высоту и снижает скорость до 500-600 километров в час, после чего, сохраняя постоянное направление движения, выпускает шланги, — рассказывает РИА Новости заслуженный военный летчик России, генерал-майор Владимир Попов. — Самолету-\"клиенту\" нужно пристроиться ему в хвост и чуть снизиться, выпустить заправочную штангу-приемник топлива и попасть ею точно в конус на конце шланга. Штанга соединяется с центральным отверстием электромагнитным замком, после чего происходит герметизация и под большим давлением подается горючее. Занимает процедура десять-пятнадцать минут. Как только подача топлива прекращается, заправленный самолет отсоединяется от танкера и продолжает полет по маршруту\".\r\nВсе выглядит просто лишь на словах. На деле же это едва ли не самый сложный тактический элемент пилотирования. Штангами дозаправки оснащены все истребители, истребители-бомбардировщики, перехватчики, самолеты дальней и стратегической авиации. Особую роль дозаправка играет в морской авиации, ведь в океане нет аэродромов, где можно сесть и под завязку залить баки.\r\nЦентры боевой подготовки и переучивания личного состава допускают к тренировкам по выполнению этой операции исключительно летчиков первого класса, хорошо освоивших полеты в группе. Именно групповой пилотаж вырабатывает у офицеров глазомер и умение ориентироваться в пространстве. На высоте часто трясет: турбулентность и воздушные ямы могут в любую секунду сбить самолет с курса.\r\n\"Сначала учат просто заходить в хвост танкеру и держаться за ним на заданном расстоянии, — объясняет летчик. — Следующий этап — \"сухая\" заправка: стыковка шланга с конусом без подачи топлива. И лишь когда появляются навыки и уверенность в собственных силах, дозаправку выполняют \"по-боевому\". Экипажи, не сумевшие освоить эту процедуру, летают на задания с подвесными топливными баками. Это не лучшее решение — они занимают точки подвески оружия и снижают аэродинамические характеристики самолета\".\r\nПоднимать в небо тяжелые танкеры для натаскивания летчиков — удовольствие недешевое. Поэтому их роль обычно выполняют фронтовые бомбардировщики Су-24, а также палубные Су-33 и МиГ-29К. Для этого разработали специальные подвесные агрегаты.\r\n\"Я прекрасно помню свою первую учебную дозаправку в воздухе, — говорит майор в отставке Дмитрий Литвинов, пилотировавший истребитель Су-27. — Взлетел с аэродрома, вышел в заданный район, пристроился в хвост Су-24. Он выпустил свою \"соплю\", я выровнял скорость, занял высоту, выпустил штангу… и тут начало болтать. Попали в турбулентность, самолет бросило вперед, мне по фонарю кабины ударил заправочный конус. Уменьшил скорость, вновь попытался прицепиться — опять не удалось. Лишь с третьей попытки попал штангой в конус. Вспотел, как в бане\".\r\nВ воздухе военный самолет может дозаправляться до трех раз. Стратегические ракетоносцы Ту-95МС и Ту-160, действующие на максимальной дальности от аэродрома, пополняют запасы горючего, как правило, дважды — на маршруте к цели и на обратном пути.\r\nИстребителям, истребителям-бомбардировщикам, машинам армейской авиации обычно хватает одной керосиновой \"добавки\".\r\n\"Казалось бы, скорости вертолета и самолета несопоставимы, — рассуждает Попов. — Однако танкер, выпустивший закрылки и сбросивший скорость до 250-300 километров в час, скоростной боевой “вертушке” догнать вполне по силам. Заправочная штанга у машин армейской авиации очень длинная — чтобы шланг не перерубило лопастями несущего винта. Такая дозаправка требует высочайшей квалификации как пилота вертолета, так и экипажа танкера. Первому приходится длительное время удерживать максимальную скорость, второму — минимальную, на грани сваливания. Понятно, что летчики работают на пределе возможностей”.\r\nВ будущем человеческий фактор из процедуры дозаправки планируют исключить. И в России, и на Западе такие разработки уже ведутся. Сделать воздушное пополнение баков автоматическим собираются за счет новых заправочных систем, которые будут синхронизировать работу бортовых компьютеров танкера и самолета-\"клиента\".\r\nИстребитель или бомбардировщик сам выйдет на оптимальный курс, выровняет скорость и поймает конус штангой. Человеку останется только наблюдать. Частично подобная технология будет реализована в новейшей модификации российских воздушных танкеров Ил-78 - Ил-78М-2.\r\n', '2020-06-11', 1, 'accepted'),
(8, '\"Убрать с улиц психопатов\". Почему на Украине хотят узаконить наемников', 'Владимир Зеленский предложил ветеранам конфликта в Донбассе принять участие в разработке закона о частных военных компаниях. Изменения в законодательство хотят внести в ближайшее время. На Украине уже действовали \"добровольческие\" батальоны — тоже фактически частные армии. Почему в Киеве так торопятся легализовать ЧВК, разбиралось РИА Новости.\r\nВыступая перед Консультативным советом по делам ветеранов войны, украинский президент сообщил, что есть два проекта закона, но в парламенте они пока не зарегистрированы. \"В одном из них не предусмотрено никаких ограничений, — предупредил Зеленский. — Он о том, чтобы та или иная бизнес-группа могла официально сделать для себя частную армию. А это очень опасно\".\r\nВместе с тем глава государства ждет предложений от совета как можно скорее, чтобы Верховная рада успела принять закон до завершения текущей сессии.\r\nВ новейшей истории Украины уже есть подобный опыт. Весной 2014-го исполняющий обязанности президента страны Александр Турчинов поручил создать батальоны территориальной обороны в каждом регионе. Они должны были подчиняться Генштабу ВСУ. Кроме того, Турчинов возродил Национальную гвардию Министерства внутренних дел. На первых порах эти подразделения комплектовались на добровольной основе.\r\nОсобую известность приобрела одна из таких частей — полк \"Азов\". Со временем на его базе возникла политическая партия \"Национальный корпус\". Эти бойцы и активисты считаются теперь гвардией министра внутренних дел Арсена Авакова.\r\nБыли еще специальные батальоны и роты МВД. Продолжают действовать парамилитарные формирования националистов с неясным юридическим статусом. Например, так называемая Украинская добровольческая армия \"Правого сектора\"*. В 2018-м властям пришлось буквально выталкивать ее бойцов из зоны боевых действий в Донбассе.\r\nВсе эти разнородные подразделения считались добровольческими батальонами, хотя, например, части территориальной обороны, а впоследствии и Нацгвардия, пополнялись и по призыву. Общего правила не было. Так, в батальон \"Айдар\", созданный бывшим комендантом \"Самообороны Майдана\" Сергеем Мельничуком, бойцов набирал лично комбат.\r\nФинансировали эти войска как из бюджета, так и частные лица, в том числе те, кого называют олигархами. В частности, бизнесмен Игорь Коломойский создал для этого \"Фонд обороны страны\". С ним связывали батальоны \"Днепр\", \"Донбасс\", \"Штурм\".\r\nВ СМИ часто жаловались на дисциплину и низкие боевые качества бойцов добробатов, отмечали, что те склонны к мародерству и действуют в своих собственных интересах. Скажем, батальон \"Прикарпатье\" обвиняли в дезертирстве из-под Иловайска, где ополчение громило украинскую армию. Причем бойцы бежали до Ивано-Франковской области.\r\nСамую мрачную славу снискала рота МВД \"Торнадо\" — наследница \"боевых традиций\" батальона \"Шахтерск\", расформированного министром внутренних дел Арсеном Аваковым за \"мародерство в Волновахе и других ситуациях\".\r\nПеребравшись из \"Шахтерска\" в \"Торнадо\", \"добровольцы\" занялись делами посерьезнее. Например, остановили поезд с чугуном, следовавший из Алчевска в Днепропетровск. Как уверяет собеседник РИА Новости в одной из силовых структур Украины, торнадовцы попытались \"крышевать\" контрабандные потоки.\r\nБойцов роты признали виновными в похищении людей, изнасилованиях, незаконном проникновении в жилье и других преступлениях. По сведениям прокуратуры, каждый четвертый в подразделении имел судимость. В школе, где квартировала рота, нашли пыточные инструменты, изнасилования бойцы снимали на мобильные телефоны.\r\nРасформировать роту с садистами удалось не сразу. Торнадовцы заняли круговую оборону и пообещали отстреливаться. Но все же подразделение вывели в другую область и распустили.\r\nВетераны войны в Донбассе вовсю используют боевой опыт в мирной жизни. В 2017-м некий Жора Турчак рассказал в социальной сети о том, как два десятка его сослуживцев \"сотрудничают\" с фермерами: отбивают или удерживают поле, а взамен забирают половину урожая. Такой \"бизнес\", по словам Турчака, дает 200-400 тысяч долларов в год.\r\nВ том же 2017-м в Кировоградской области полиция задержала несколько десятков бойцов \"Донбасса\" и \"Айдара\", прибывших на \"стрелку\" с сотрудниками частной охранной компании. Там был спор хозяйствующих субъектов — кто-то \"наезжал\" на фермера, кто-то — защищал. Турчак так описывал \"бизнес-модель\": \"Ветераны разбиваются на две группы, одна создает проблемы. Тут же появляется вторая группа и их решает — за вознаграждение. И все довольны: фермер-лох сохранил урожай и землю, а рейдеры заработали\".\r\nИногда бойцы действовали не ради денег, а \"из любви к искусству\". Недавно суд в Харькове приговорил к пятнадцати годам заключения ветерана АТО и его сына, которые убили и съели собутыльника — за \"неправильные\" слова о войне в Донбассе. В январе в Киевской области двое бывших добробатовцев поспорили, кто лучше: Петр Порошенко или Владимир Зеленский. Итог — убийство. В мае в Житомирской области арендатор пруда расстрелял семь человек, приехавших на рыбалку, — не совпали мнения о воинской службе. И это только последние случаи.\r\nК слову, в 2017-м бывший начальник управления по борьбе с оргпреступностью МВД Украины Валерий Кур предупреждал, что ветераны так называемой АТО оборудовали \"миллионы схронов с оружием\".\r\nСобеседник РИА Новости Игорь служит в одной из силовых структур Украины, ранее числился бойцом добровольческого формирования. По его мнению, закон о ЧВК нужен, чтобы легализовать фактически существующее наемничество и заработать. \"Власть убьет двух зайцев. Прежде всего можно будет сплавить тысячи шизоидов, которые шатаются по Украине, вооруженные и опасные. В Киеве думают, что так сократят преступность, уберут с улиц ветеранов-психопатов, — рассуждает он. — Ну и деньги. По полкам Сил специальных операций ездят вербовщики и говорят: \"Сколько ты получаешь? Тысячу долларов? А будешь десять\". И все. Квалифицированные военные в армии не задерживаются. Но раньше вся эта сфера была вне закона, а теперь власть сможет получать с нее доход\".\r\nПо его словам, международный рынок готов принять украинских \"ландскнехтов\". \"Инструкторы научили наших обращаться с американским оружием. Из армии выходят люди, умеющие убивать. Они найдут работу в любой точке мира\", — заключает Игорь.\r\nАлексей Журавко, депутат Верховной рады V и VI созывов, считает, что частные военные компании хотят \"ввести в законодательное поле, чтобы пушечное мясо отправлять на другие театры военных действий — в Сирию, Афганистан, еще куда-нибудь\".\r\nОн полагает, что новый нормативный акт позволит также Киеву официально привлекать наемников из других стран для операций в Донбассе. \"Они смогут законно приезжать, чтобы пострелять на гражданской войне. И наконец — это неплохой бизнес. На этом заработают все: и чиновники, и олигархи. Будут ЧВК на основе уже сформированных тербатов Авакова, Яроша и Коломойского\".\r\nВсе это приведет к тому, что анархия только усилится, потому что за бизнес-интересы начнут бороться с помощью военных, убежден бывший парламентарий. А то, что Украина превратится в поле боя конкурирующих частных армий, опасно и для соседей — России и Белоруссии.\r\n*Организация признана экстремистской и запрещена в России.', '2020-06-11', 1, 'accepted'),
(9, 'Тайны черного вещества: ученые сто лет ищут причины неизлечимой болезни', 'В мире, по разным данным, от десяти до шестнадцати миллионов человек страдают болезнью Паркинсона, и ВОЗ прогнозирует, что к середине века этот показатель как минимум удвоится. Патология развивается незаметно долгие годы, затем быстро прогрессирует, сокращая продолжительность жизни. Этот недуг неизлечим, поэтому крайне важно диагностировать его как можно раньше.\r\nВ среднем мозге есть группа нейронов, богатых темным пигментом нейромеланином, — черная субстанция. Их отростки достигают других отделов мозга, в первую очередь стриатума (полосатого тела). Здесь они выделяют дофамин — сигнальную молекулу, регулирующую работу мышц. Если его синтез и обмен в норме, мышцы своевременно сокращаются и расслабляются, нет — их тонус повышен.\r\nГибель нейронов в черной субстанции ведет к постоянной нехватке дофамина и, как следствие, тяжелому нарушению двигательной функции — болезни Паркинсона. Ее симптомы — проблемы с координацией, скованность движений, замедленность, сутулость, тремор конечностей.\r\nЗаболевание быстро прогрессирует, лечению не поддается, заместительная терапия лишь временно улучшает состояние. Человек постепенно превращается в инвалида, его ждет преждевременная смерть. Болезнью Паркинсона страдали многие известные люди — в том числе американский боксер Мухаммед Али, советский актер Михаил Ульянов, папа римский Иоанн Павел II. Недавно об этом диагнозе сообщил британский рок-певец Оззи Осборн.\r\nНекоторые признаки болезни Паркинсона проявляются за несколько лет до явного нарушения движений. Пропадает обоняние, в фазе быстрого сна человек сбрасывает предметы с тумбочки, задевает спящего рядом, может свалиться с верхней полки в поезде. Каждый из этих симптомов характерен для множества патологий, но в совокупности они указывают на скрытое течение болезни Паркинсона (домоторную фазу).\r\nУточнение диагноза занимает несколько месяцев или даже лет. В спорных случаях прибегают к позитронно-эмиссионной (ПЭТ) или однофотонной эмиссионной компьютерной томографии (ОФЭКТ).\r\n\"Вводим в организм радиоизотопные препараты, они включаются в метаболизм нейронов, синтезирующих дофамин. Сканируем мозг и смотрим, как идет синтез. Эти методы позволяют поставить диагноз за несколько лет до двигательных нарушений\", — рассказывает профессор, член-корреспондент РАН Сергей Иллариошкин, руководитель отдела исследований мозга Научного центра неврологии.\r\nПравда, сделать ПЭТ и ОФЭКТ удается очень редко: эти процедуры главным образом предназначены для онкологии. Более доступны транскраниальная сонография (УЗИ головного мозга) и МРТ на аппаратах с высокой интенсивностью магнитного поля, тоже фиксирующие признаки деградации черной субстанции. Однако у всей нынешней диагностики болезни Паркинсона общая проблема — она эффективна только в сочетании с клиническими симптомами.\r\nКак любая нейродегенеративная патология, связанная с гибелью определенной группы нейронов, болезнь Паркинсона очень коварна. Все начинается в относительно молодом возрасте и медленно развивается долгие годы, не давая о себе знать. Виной тому — исключительная пластичность мозга. Чтобы компенсировать потерю нервных клеток, оставшиеся работают активнее — больше генерируют дофамина, нейроны-мишени становятся чувствительнее к нему, и только когда все возможности исчерпаны, нервная система выходит из строя с очевидными симптомами.\r\n\"Клиника возникает после гибели 50-55% клеток в черной субстанции. Лечить уже поздно. Поэтому и превентивная терапия, такая как антиоксиданты и прочее, неэффективна. Ее надо применять, пока погибло не больше 15-20% нейронов. Но как распознать патологию на этой стадии? Отсюда идея биомаркеров — веществ в организме, указывающих на патогенный процесс или предрасположенность к нему задолго до клинических симптомов\", — объясняет профессор.\r\n\"Одна из серьезных проблем любой нейродегенеративной патологии в том, что для исследования доступна, по сути, только кровь пациентов. Конечно, много работ с мозгом умерших, но искать там маркеры ранней стадии заболевания не очень правильно после многих лет болезни, ее активного лечения, на фоне других частых, характерных для пожилого возраста заболеваний — сердечно-сосудистых, рака\", — говорит доктор биологических наук Петр Сломинский, заведующий лабораторией молекулярной генетики наследственных болезней в Институте молекулярной генетики РАН.\r\nЕго группа ищет в крови пациентов молекулы — предвестники болезни Паркинсона: микро-РНК, мРНК.\r\n\"Гибель нейронов в черной субстанции сопровождают выраженные изменения в экспрессии генов, и мы предполагаем, что то же самое происходит в клетках крови. Гипотеза основана на том, что в лимфоцитах периферической крови экспрессируется ряд генов, связанных с обменом дофамина\", — уточняет ученый.\r\nРасчет на то, что гематоэнцефалический барьер — условная граница, запрещающая обмен веществами между мозгом и остальным организмом, — не такой уж непроницаемый и деградация черной субстанции как-то отзовется в периферической крови. Задача — определить группу генов, которые по-разному действуют у больных и здоровых, сравнив их транскриптом — всей совокупностью РНК клеток.\r\n\"Для такого исследования особенно подходят образцы крови людей на самой начальной стадии заболевания — до лечения, возможно, влияющего на экспрессию генов. Поэтому пробы берут у пациентов с диагнозом \"предполагаемая болезнь Паркинсона\" и, через несколько месяцев, — у тех, кому диагноз подтвердили\", — продолжает он.\r\nЧтобы создать полноценную панель биомаркеров, нужно много образцов. Идеально было бы наблюдать большую группу людей, регулярно тестировать, выявлять группы риска и потом сравнивать с теми, у кого диагностируют болезнь, а это один процент среди лиц старше 60 лет, независимо от места проживания, этнического происхождения. Поэтому исследование должно быть длительным — необходимо следить за состоянием человека как минимум несколько лет.\r\nПроблема еще и в том, что анализы микро-РНК и мРНК пока неудобны для профилактического скрининга в клинических лабораториях. Требуется ПЦР, а это время, достаточно дорогое оборудование, трудоемкие процедуры. Надежда на то, что когда специфичные для болезни Паркинсона молекулы найдут, появятся и доступные методы их исследования — с учетом того, какой мощный рывок происходит сейчас по экспресс-тестам РНК-содержащих вирусов.\r\nВ мозге много белка альфа-синуклеина, который участвует в обмене сигналами между нервными клетками, но все его функции не до конца понятны. В здоровых нейронах этот белок, отработав, разрушается, при патологии же накапливается, его длинные нити — фибриллы слипаются в конгломераты (тельца Леви) и становятся токсичными. Мутация в гене альфа-синуклеина приводит к одной из наследственных форм болезни Паркинсона.\r\nПримерно в одном случае из десяти у этой патологии генетические причины. Чаще всего это мутации в генах LRRK2 или PARK8, кодирующих соответственно белки дардарин и паркин. Они вовлечены в многие биохимические процессы в разных типах клеток, но почему-то сбой в них оборачивается образованием телец Леви и гибелью в первую очередь дофаминергических нейронов в черной субстанции.\r\n\"Очевидно, белок альфа-синуклеин важен для патологии, но в нем ли первопричина? Есть заболевания, когда он тоже откладывается, например слабоумие с тельцами Леви, — вступает в разговор доктор биологических наук Мария Шадрина, коллега и соавтор Сломинского. — Тут немало параллелей с болезнью Альцгеймера, которая встречается несколько чаще, чем Паркинсона. Там также гибнут нейроны определенного типа, холинергические в гиппокампе, а в мозге накапливается белок бета-амилоид. И эта болезнь скрытно развивается много лет, прежде чем у человека ослабеют память и другие когнитивные функции\".\r\nВ гипотезах, объясняющих возникновение обеих болезней, недостатка нет. Это и нейровоспаление, запускаемое перенесенной в молодости вирусной инфекцией, и нейротоксины в окружающей среде, например гербициды, и модный сейчас микробиом кишечника, который подозревают в порче альфа-синуклеина.\r\nПроверить все это в эксперименте не так-то просто. Грызуны — излюбленные лабораторные модели биологов — не болеют Паркинсоном.\r\n\"Чтобы имитировать болезнь, мыши вводят токсин и уже через шесть часов наблюдают гибель нейронов в черной субстанции, резкое снижение дофамина. У человека эта стадия длится десятки лет. С другой стороны, на грызунах можно промоделировать наследственные формы заболевания, введя в геном мутации\", — поясняет Сломинский.\r\nСейчас ученым представился уникальный шанс — среди пациентов на Дальнем Востоке нашли троих с монозиготными близнецами, не болеющими болезнью Паркинсона.\r\n\"Они росли вместе, живут в одном регионе, работа не связана с токсинами. ДНК идентичные, так что если и есть генетическая предрасположенность, то на нее наложились другие факторы\", — говорит Мария Шадрина.\r\nЗадача — проанализировать транскриптом близнецов, найти гены, которые экспрессируются у них по-разному, установить регулирующие их микро-РНК и связать с болезнью Паркинсона. Однако вопрос о первопричинах патологии остается открытым.\r\n\"Одно из объяснений — митохондриальный геном, который передается от матери. У близнецов он разный. Митохондрии размножаются в клетке простым делением и быстро мутируют. Как раз изменение в энергетике клетки, за которую отвечают митохондрии, — один из признаков болезни Паркинсона, — приводит пример Сергей Иллариошкин. Он не исключает и того, что у второго близнеца болезнь проявится позднее. — Мы можем проверить его на ПЭТ, сделать ЭЭГ-видеополисомнографию, чтобы посмотреть реакции в фазе быстрого сна, оценить структуру нигросомы (скопления дофаминовых нейронов) по данным 3-Тесла МРТ в новом режиме. Не исключено, что болезнь уже развивается. Такие примеры есть\".\r\nПлюрипотентные стволовые клетки также позволяет исследовать болезнь Паркинсона. Фактически это зародыши, способные превратиться в любой вид зрелых клеток, в том числе нейроны.\r\nРаньше стволовые клетки брали из абортивного материала, плаценты. Теперь, благодаря открытию японского ученого Синьи Яманаки, их можно получить из ткани взрослого человека. Надо немного похимичить в лаборатории, чтобы искусственно состарить, и пожалуйста — зрелые нейроны в чашке Петри. Других вариантов взять их у живого пациента нет.\r\n\"Мы создали первую в России коллекцию клеточных линий от пятидесяти пациентов с болезнью Паркинсона. От трех уже есть индуцированные плюрипотентные стволовые клетки. Имеются и трансгенные нейроны, в ДНК которых с помощью системы CRISPR-Cas9 вставили биосенсоры. Они подсвечивают разные процессы на клеточном уровне, например накопление активных форм кислорода\", — рассказывает Сергей Медведев из лаборатории эпигенетики развития Института цитологии и генетики СО РАН.\r\nВместе с коллегами из Новосибирского института органической химии им. Н. Н. Ворожцова и Международного томографического центра СО РАН они на таких искусственных нейронах черной субстанции испытают потенциальные лекарства, замедляющие их гибель, ищут генетические факторы болезни и биомаркеры.\r\n\"Еще ни одного человека не вылечили от болезни Паркинсона. Мы не можем остановить гибель нейронов, потому что не знаем причины. А их может быть огромное количество. Стратегия борьбы направлена на раннюю диагностику и превентивную нейропротекторную терапию, чтобы максимально замедлить процесс. Идеально, если порог гибели нейронов, при котором проявляются клинические симптомы, — это потеря 70-80 процентов дофамина, наступит в возрасте 120-150 лет. Человек будет болеть, но качество жизни останется приемлемым\", — рассуждает академик Михаил Угрюмов, заведующий лабораторией нервных и нейроэндокринных регуляций Института биологии развития имени Н. К. Кольцова РАН.\r\nВ его лаборатории получают мышей с самой ранней стадией болезни Паркинсона. Затем в их крови ищут совпадения с потенциальными биомаркерами, обнаруженными в крови пациентов с подтвержденным диагнозом.\r\n\"Известны десятки биомаркеров и ни одного специфичного, поскольку находим их и при других заболеваниях. В любом случае нужно использовать набор маркеров, но даже по ним диагноз все равно не будет окончательным\", — отмечает исследователь.\r\nОн предлагает создать нагрузочный тест для выявления болезни. В психиатрии и неврологии этот подход не используют, а в других областях медицины — вполне. Например, есть тест толерантности к глюкозе при диагностике сахарного диабета.\r\nУченые уже подобрали вещество, которое блокирует синтез дофамина в мозге и дозу, временно усиливающую симптомы при патологии, без побочных эффектов. Эксперименты на мышах прошли успешно, теперь вместе коллегами из Тайваня исследователи готовят испытания на приматах.\r\n\"Есть основания считать, что эта диагностика будет специфична\", — подчеркивает академик.\r\nВ отличие от клеток кожи или крови, нейроны в головном мозге не возобновляются. Они образуются у эмбриона в возрасте от восьми до 15 недель. По мере старения организма гибнут: в среднем каждые десять лет мозг лишается четырех процентов нервных клеток.\r\nПри нейродегенеративном заболевании, по неизвестным пока причинам, скорость гибели нейронов увеличивается в разы. И хотя в гиппокампе и стриатуме есть стволовые клетки-предшественники, доказать, что они замещают погибшие, не удалось.\r\nВ начале 1990-х с развитием клеточных технологий возникла идея пересаживать пациентам донорские здоровые нейроны.\r\n\"Шведский профессор Андрес Бьорклунд провел эксперименты на мышах, у которых нейротоксинами вызывали болезнь Паркинсона. Однако пересаженные от здорового животного нейроны погибали. Тогда он пересадил больным грызунам нейроны от эмбриона, и у них восстановилось поведение. Это был триумф\", — вспоминает Михаил Угрюмов.\r\nНа этой волне Бьорклунд запустил в ЕС программу клинических испытаний клеточных технологий для лечения болезни Паркинсона. В ней участвовали шесть стран. Угрюмов руководил научной группой из России. Всего у нас выполнили 13 операций по пересадке нейронов.\r\n\"Брали абортивный материал, вырезали ту область мозга, где должны были сформироваться дофаминергические нейроны, делали суспензию и вводили пациенту туда, где был дефицит дофамина. Операция нетравматичная, под местной анестезией. За десять лет во всех европейских странах — участницах консорциума собрали большой материл. Состояние пациентов улучшалось, но через полгода болезнь возвращалась\", — говорит ученый.\r\nВ США получили те же результаты. Усовершенствование клеточных технологий ситуацию не изменило.\r\n\"Везде применяют одну методологию: испытывают терапию на грызунах, потом на людях. Картина общая: стопроцентный успех на животных, никакого стойкого эффекта на людях\", — резюмирует академик.\r\nМозг человека слишком сложно устроен, полагает он. Нейроны нельзя пересадить в черную субстанцию, где для них подходящая окружающая среда, потому что во взрослом мозге они не смогут прорасти в другой отдел. Поэтому их имплантируют сразу туда, где требуется дофамин, — в стриатум.\r\nМозг мыши залит разными сигнальными веществами, все нейроны работают в этом коктейле. У человека нейроны специализированы, у них свои сигнальные вещества, причем доставка их должна быть направленной.\r\nНейрон управляется не по всей поверхности, а в точках — синаптических контактах. И каждый связан с десятью-пятнадцатью тысячами других строго определенных нейронов. Все это должна заново сформировать клетка, которую пересадили. В ближайшие лет пятьдесят, по мнению Михаила Угрюмова, эта задача, скорее всего, неразрешима.', '2020-06-11', 1, 'accepted'),
(10, 'Кубань открыта, Крым — на старте: что ждет туристов на Черном море', 'В Крыму начинается курортный сезон — сначала для жителей полуострова, а затем — для всех россиян. Откроются не только санатории, но и гостиницы, пляжи. В Краснодарском крае гостей принимают уже десять дней. О том, с какими трудностями столкнулись здравницы и туристы и чего ожидать от отдыха на черноморском побережье, — в материале РИА Новости.\r\nНа полуострове настроены оптимистично. По словам замминистра, к приему отдыхающих со всей России готовы и санатории, и гостиницы. Правда, в здравницах необходимо предъявить документ, подтверждающий отрицательный результат теста на SARS-CoV-2. Для заселения в отель это необязательно. Однако и в том и в другом случае исследование на COVID-19 еженедельно проходит персонал. Между прочим, в расходах принимающей стороны это одна из самых затратных статей.\r\nПо словам Котляра, 440 пляжей полуострова, находящихся в ведении санаториев и гостиниц, сейчас благоустраиваются. Ответственные за их содержание организации получают разрешительные документы. Эти участки береговой полосы откроются, предположительно, 1 июля, а дикие пляжи доступны уже сейчас. При этом туристам позволено покидать территорию здравниц и отелей. Она отмечает, что датой возможного открытия Крыма для туристов называли и 1 июня, но этого не произошло, в итоге за массовым бронированием пошли такие же массовые отказы.\r\nПо мнению Эвелины Руснак, большого числа отдыхающих не будет, пока не снимут ограничительные меры в стране: \"Каждый хочет понимать, что ситуация нормализовалась и за свои деньги он получит полноценный сервис\".\r\nТакже она напомнила, что сами крымчане отдыхают на полуострове в основном не в высокий сезон.\r\nПо соседству, на Кубани, туристический сезон длится уже десять дней. \"Мы были готовы к трудностям. Открылись свободно, проверок, которые нарушали бы производственный процесс, не было. Да, приходили полиция, Росгвардия, но без последствий и предписаний\", — рассказывает Инна Чулкова, коммерческий директор компании, все семь санаторно-курортных объектов которой в регионе уже работают.\r\nОна уточняет, что отказы от бронирования были, но сейчас здравницы заполнены на 30-50 процентов. Первых туристов встречали с подарками, цветами, караваями и благодарностью за то, что не побоялись приехать.\r\n\"Мы создали памятку для гостей, кроме того, всех обзваниваем, говорим, какие есть ограничения, выясняем, готовы ли они к ним\", — добавляет Чулкова. Например, погулять по городу пока нельзя, бассейны не работают, пляжи до последнего времени были закрыты.\r\nПо словам Светланы Балаевой, министра курортов, туризма и олимпийского наследия Краснодарского края, они открываются постепенно, 22 — в Сочи и шесть — в Анапе (данные на 10 июня). Нужно получать разрешительные документы от Роспотребнадзора, Государственной инспекции по маломерным судам.\r\nВ одном из крупнейших санаториев черноморского побережья также рассказали, что обзванивают клиентов перед приездом. Это нужно в том числе и для того, чтобы организовать трансфер.\r\nКроме того, туристы с некорректными результатами анализов (например, устаревшими из-за слишком долгой дороги или если вместо ПЦР-диагностики был сделан тест на антитела) могут пройти повторную проверку на месте. \"После тестирования отдыхающие два дня находятся в изоляции, а потом мы переводим их в основной корпус,\" — рассказал директор санатория Валерий Усачев. \r\nЭто здание пока единственное из четырех принимает гостей, здесь сейчас 260 человек, чуть менее четверти возможного.\r\n\"Масочный режим у нас обязателен лишь для сотрудников, клиенты экипируются на свое усмотрение, — рассказал руководитель здравницы. — Во всех общественных зонах есть рециркуляторы, дезинфицирующие воздух и поверхности. Медицинские услуги — по расписанию\".\r\nНедавно тут даже состоялся первый киносеанс: в зале на 250 мест сидели пять зрителей.\r\nПо словам Светланы Балаевой, уже открыты 93 из 201 санатория. Другие постепенно подключаются. Посетителей ждут летние веранды кафе, набережные.\r\nСегодня состоится заседание штаба под председательством главы региона. В туротрасли надеются на дальнейшее смягчение карантинного режима.\r\n', '2020-06-11', 1, 'accepted');
INSERT INTO `news` (`id`, `title`, `text`, `date`, `author_id`, `status`) VALUES
(11, '\"Как они выживают?\" О доме, где детей уводят от \"криминальной\" романтики', 'Ксения Миханькова долгие годы помогала страдающим от алкоголизма или наркозависимости. А потом переключилась на их детей: открыла центр для подростков из неблагополучных семей. Родители, неспособные позаботиться о ребенке, не против, чтобы он на несколько часов, а то и дней задержался во временном приюте.\r\n\"Все началось в 2009-м. Я по специальности соцработник, училась в Москве. После института устроилась переводчиком в палаточный лагерь в Подмосковье — его основал американский миссионер. Планировала пробыть неделю, в итоге осталась и переехала в Наро-Фоминск\", — вспоминает Миханькова.\r\nТам она проработала год — безвозмездно. \"Устраивали разные мероприятия, обсуждали фильмы, книги. Основная аудитория — молодые люди в тяжелой жизненной ситуации. Но приходили и взрослые, даже пенсионеры. Такой вот \"центр для всех\". В 2010-м миссионер вернулся на родину. Бросать волонтерство не хотелось. Я тогда жила в частном доме вместе с подругой, вот и решили с ней принимать у себя тех, кто раньше посещал лагерь\".\r\nДевушки переориентировались на помощь людям с зависимостями. \"Начали плотно сотрудничать с местным реабилитационным центром. Основная задача — объяснить человеку, что есть альтернатива его образу жизни. Мы рассказывали о доступных бесплатных программах лечения: наши подопечные о таком даже не слышали\".\r\nКаждые выходные собирались большой компанией. \"Говорили на разные темы, пели под гитару. Оказалось, многим просто не хватает общения. Сейчас, конечно, страшно представить, сколько времени потратили. Но это того стоило. С нашей подачи больше ста человек вернулись к нормальной жизни, — говорит Ксения. — Приглашали и трудных подростков. Иногда, согласовав с родителями, возили их в реабилитационный центр. Увлеченные криминальной \"романтикой\" дети видели людей с разбитыми судьбами и понимали, что их может ждать. Взрослые, в свою очередь, готовились к приезду гостей, придумывали разные игры\".\r\nОднако не все посетители \"дома помощи\" испытывали благодарность: \"У нас постоянно что-то воровали, начиная с отверток и заканчивая ноутбуками\".\r\nПрокормиться подругам помогали подработки. Так продолжалось до 2016 года, потом девушки полностью переключились на детей из неблагополучных семей: \"Мы все время думали — как же они выживают бок о бок с хроническими алкоголиками?\"\r\nСложностей с поиском подопечных, по словам Ксении, не было: родителей с зависимостями она знала лично, ей доверяли. \"Мы обратились в местную администрацию, предложили сотрудничество. Чиновники о нас слышали раньше и пошли навстречу — передали список самых неуправляемых подростков. Стали искать их родителей. Многие охотно соглашались, чтобы дети приходили к нам по выходным, в том числе с ночевкой. Собирались вместе и на праздники, и на каникулы. Весь досуг расписывали по часам\".\r\nО временном приюте узнали в соседних детдомах. \"Подростков привозили к нам на несколько дней. Сотрудники отзывались положительно, и мы договорились организовывать подобные выезды чаще\".\r\nВ таком режиме проработали год, но в 2017-м пришлось съехать. \"Я вышла замуж, — рассказывает Ксения. — А еще возникли проблемы со здоровьем. Взяла небольшую паузу. На время все передала друзьям — за годы работы сформировалась небольшая команда\". Помещение нашли в местном спортзале, но детям хотелось обратно в дом: \"Помню, одна девочка наскребла мелочь и принесла нам \"на аренду\".\r\nЦентр принимал трудных подростков (в том числе тех, кто состоял на учете в ПДН или отбыл срок в колонии для малолетних), детей из малоимущих и неблагополучных семей. Родители постоянно звонили, просили взять ребенка хотя бы на несколько часов или на пару дней: \"Соседский Игорь (имя изменено в интересах несовершеннолетнего) как стал к вам ходить, совсем изменился. Может, и с моим поработаете?\"\r\nПодходящий дом подыскали в 2018-м. Теперь центр под названием \"Ранчо\" базируется в дачном поселке Раточкины Пруды, в сорока минутах езды от Наро-Фоминска. \"Найти что-то поближе не получилось, — объясняет Ксения. — Конечно, поток уменьшился, там помещаются не больше 25 детей. Обустроили все от и до, купили мебель. Девочки с таким восторгом осматривали новые шкафчики и тумбы! Тут же начали складывать в них вещи — у многих нет своего уголка в родном доме\".\r\nКуратор поселка, узнав о проекте, отдал в бесплатную аренду большое помещение с тремя классами и спортзалом: \"Совершенно новое, в двух шагах от нас. Даже сцена есть — устраиваем спектакли. Благотворитель разрешил пользоваться и своей конюшней, так что занимаемся верховой ездой. Я этим с детства увлекаюсь, провожу тренировки. У некоторых уже неплохие результаты\".\r\nВстречи по выходным обычно организуют так: волонтеры списываются и выясняют, кто и чем готов помочь. \"Нужно найти машины, чтобы перевезти детей, распределить обязанности — приготовление еды, организация игр и прочее. Выбираем, кого пригласить (все сразу не поместятся), обзваниваем родителей. Уроки музыки, английский, гончарное дело, рисование — расписание зависит от того, кто из волонтеров может приехать\".\r\nУ общественников тридцать подопечных в возрасте от пяти до четырнадцати лет. \"Каждое лето — выездные лагеря в две смены. Отдельно для мальчиков и девочек. Парни, к примеру, учатся рыбачить, ставить палатки, мастерить скамейки\".\r\nЧтобы держаться на плаву, в месяц центру нужно хотя бы 60-70 тысяч. Пожертвования небольшие, едва хватает на аренду дома. Остальные расходы добровольцы покрывают за свой счет. \"Мы особо не афишируем проект. Как известно, с детьми и подростками все очень строго. Помню, опубликовали маленькую заметку про одного из подопечных — без имени. Но ситуация у ребенка далеко не уникальная. На следующий день приехал вооруженный родитель, угрожал. Решил, что пост именно про его сына. Так и балансируем на грани\".\r\nБез острых ситуаций не обойтись, но Ксения отмахивается: \"Справляемся\". Она регулярно проходит курсы повышения квалификации. Подопечные у нее открытые, общительные, не избалованные. Одни — свидетели насилия в семье, другие терпят унижения, третьи просто живут очень бедно. Большой риск, что в определенный момент они свернут не туда. Команда центра всеми силами старается дать им то, чего так не хватает, а именно — заботу и любовь. И здесь всегда рады новым помощникам.', '2020-06-11', 1, 'accepted'),
(12, 'Росгвардия уволила участника скандала с видео про \"подброс наркотиков\"', 'Росгвардия уволила сотрудника после резонансного видео с угрозой подбросить москвичу наркотики, сообщил РИА Новости официальный представитель ведомства Валерий Грибакин.\r\nРолик сегодня появился в некоторых Telegram-каналах. Боец вневедомственной охраны, приехавший разбираться в конфликте между соседями из-за громкой музыки, пригрозил одному из участников подбросить наркотики и сфабриковать уголовное дело.\r\nВ Росгвардии отметили, что установили личности участников видео и детально изучили все обстоятельства.\r\nИнцидент, по данным главка, произошел \"несколько дней назад\". Пострадавшему сразу \"принесли извинения и сообщили о том, что меры будут приняты\", добавили в пресс-службе ведомства.\r\nПри этом источник РИА Новости в Росгвардии отметил, что у провинившегося сотрудника есть ребенок-инвалид, как и у женщины, которая пожаловалась на громкую музыку у соседа.\r\n\"Поэтому росгвардеец слишком эмоционально воспринял произошедшее, так среагировал и так себя повел. Но это ни в коем случае не умаляет его вину\", — заключил собеседник агентства.\r\n', '2020-06-11', 1, 'accepted'),
(13, 'У берегов Камчатки перевернулся катер', 'У берегов Камчатского края перевернулся катер, спасатели ищут четырех пропавших, сообщается на сайте регионального главка МЧС.\r\nО происшествии стало известно в ночь на воскресенье. По данным ведомства, катер с четырьмя людьми на борту доставлял груз к другому судну.\r\nОтмечается, что катер обнаружили ориентировочно в 40 километрах от берега. Его буксируют в Петропавловск-Камчатский.\r\nВ поисках задействован буксир &#34;Капитан Мишин&#34;. На месте работает следственная группа от полиции.\r\nСК возбудил уголовное дело по статье 263 УК (нарушение правил безопасности движения морского транспорта).', '2020-06-14', 2, 'accepted'),
(14, 'Какой цвет волос продлевает жизнь', 'Японские ученые установили, что жизнеспособность вида зависит от того, сколько вариантов окраса у его представителей. Чем больше разнообразие цветов, тем лучше. Это касается не только насекомых и птиц, но и млекопитающих — в том числе людей. \r\nВ 2016 году международная команда ученых, проанализировав информацию о десяти с лишним тысячах разновидностей птиц, установила связь между многообразием их окраса и вероятностью исчезновения вида. Особи разных расцветок — а от этого зависят стратегии охоты, защиты от хищников и отношения с противоположным полом — выбирают, как правило, разные экологические ниши. А чем шире эти возможности, тем меньше риск вымирания.\r\nПо мнению авторов работы, цвет оперения служит своего рода защитой от резкого и непредсказуемого изменения условий обитания. Правда, почему это возможно внутри одного вида, ученые тогда так и не разобрались.\r\nТри года спустя японские биологи, основываясь на огромном массиве данных о насекомых и позвоночных, предположили, что этот принцип применим к большинству животных, обитающих на планете. Всего ученые проанализировали информацию о 93 видах стрекоз, 83 видах бабочек, 71 разновидности рыб, 73 — амфибий, 156 — рептилий, 145 — птиц и 155 видах млекопитающих. Помимо разнообразия окрасов, специалисты обращали внимание на разброс климатических условий, в которых обитают животные, и их численность.\r\nОказалось, что чем больше вариантов цвета шерсти, чешуи или оперения внутри одного вида, тем шире он представлен на планете и тем ниже риск его вымирания. Различающиеся расцветки позволяют полнее использовать доступные ресурсы и лучше противостоять неблагоприятным факторам, считают авторы исследования.\r\nПо мнению международной группы ученых, появление и закрепление различных окрасок внутри одного вида иногда возможны благодаря защите, которую им обеспечивают особи более распространенного цвета. По крайней мере, именно такое объяснение кажется вполне правдоподобным в отношении лягушек-древолазов вида Dendrobates tinctorius, обитающих в джунглях Южной Америки.\r\nЭти амфибии очень ядовиты, на спинах у них яркие желтые или голубые пятна, предупреждающие птиц, что есть их не стоит. Но встречаются особи, довольно малочисленные, с более спокойными белыми отметинами, которые не походят на предупреждающую окраску. По идее, они хуже защищены и должны отбраковываться естественным отбором. Однако этого не происходит.\r\nБиологи, поставившие целую серию экспериментов, пришли к выводу, что желтые лягушки своим токсичным цветом защищают не только себя, но и реже встречающихся белых особей. Птицы боятся их заодно с желтыми. Именно поэтому животные такой необычной окраски закрепились в популяции.\r\nЗачастую цвет кожи, шерсти или перьев определяется множеством генов, каждый из которых может контролировать другие, не связанные между собой процессы в организме, например характер, состояние здоровья. Так, известно, что агрессивность маленьких древолазов вида Oophaga pumilio зависит от окраса.\r\nЭто территориальные амфибии, они умеют защищать свой кусочек земли. Когда ученые подсаживали в вольеры лягушек других видов, краснокожие особи сильнее трясли лапами, толкали и пихали своих противников. Они чаще зеленых сородичей выигрывали единоборство и прогоняли незваных гостей.\r\nРанее исследователи показали, что окрас шерсти домашних кошек также может указывать на уровень их агрессивности по отношению к людям. Так, самыми злыми оказались трехцветные, черно-белые и серо-белые самки. А вот коты подобного цвета были намного добрее к своим хозяевам.\r\nАвстралийские исследователи выявили связь здоровья и продолжительности жизни с цветом шерсти у лабрадоров, проанализировав данные о 30 тысячах особей. Те, что с шоколадным окрасом, чаще болеют отитом и дерматитом. Живут они в среднем на 1,4 года меньше своих сородичей золотистого и черного цвета.\r\nОказалось, что такая тенденция прослеживается и у людей. В одной из работ специалисты провели анкетирование свыше двухсот тысяч человек и проанализировали их геномы. Анализ показал: чем светлее волосы у человека, тем позднее у него наступает половое созревание и выше вероятность достичь преклонного возраста. Кроме того, у блондинов и светлых шатенов меньше шансов заработать инфаркт, инсульт и диабет второго типа.\r\nДело в том, что генные варианты, коррелирующие со временем пубертата, расположены рядом с генами, которые влияют на цвет кожи и волос. Оба эти процесса могут быть связаны через гипофиз — железу на нижней поверхности головного мозга. Она одновременно вырабатывает гормоны, регулирующие развитие половых желез, и те, которые влияют на пигментацию.', '2020-06-14', 2, 'accepted'),
(15, 'Главу Сургута госпитализировали с COVID-19', 'Глава Сургута, крупнейшего города Ханты-Мансийского автономного округа, Вадим Шувалов сообщил на своей странице во &#34;ВКонтакте&#34;, что его госпитализировали с коронавирусной инфекцией.\r\n&#34;Друзья, сегодня мне пришло подтверждение коронавирусной инфекцией. В данный момент я госпитализирован в Сургутскую окружную клиническую больницу, нахожусь в надежных руках. Круг людей, с которыми я контактировал последние две недели, установлен, все взяты на контроль. Обязанности передал своему заместителю Алексею Жердеву&#34;, — написал Шувалов.\r\nОн подчеркнул, что продолжит поддерживать связь с подчиненными и коллегами дистанционно. Градоначальник также призвал всех сургутян соблюдать меры профилактики, поскольку, по его словам, &#34;опасность инфекции не преувеличена&#34;.\r\nПо последним данным, в Сургуте COVID-19 заболели 812 человек: по этому показателю он уступает только соседнему Сургутскому району. Всего в ХМАО выявлено 4340 случаев заражения коронавирусом, умерли 26 человек.\r\nНа этой неделе глава региона Наталья Комарова продлила режим обязательной самоизоляции до 23 июня включительно.', '2020-06-14', 2, 'accepted'),
(16, 'Собянин рассказал об этапе снятия ограничений в июле', 'Уже с июля в российской столице могут снять введенные в связи с распространением коронавируса ограничения на посещение спортивных и массовых мероприятий, кинотеатров и театров, сообщил мэр Москвы Сергей Собянин.\r\n&#34;Будем смотреть исходя из эпидемиологической ситуации, как она будет развиваться. И вообще, все последующие разрешения будут связаны с тем, какая ситуация. Если будет ухудшаться, будем отодвигать эти сроки, если увидим, что она сохраняется, будем разрешать и все больше возвращаться к нормальной жизни&#34;, — рассказал он в эфире телеканала &#34;Россия-1&#34;.\r\nРанее Собянин объявил об отмене режима самоизоляции, пропусков для поездок на транспорте и графика прогулок в Москве. Таким образом, с 9 июня москвичи всех возрастов, в том числе страдающие хроническими заболеваниями, получили возможность вновь свободно передвигаться по городу. Кроме того, власти разрешили открыться ряду предприятий, салонам красоты и парикмахерским, возобновил в полном объеме работу каршеринг. Появилась возможность посещать кладбища.\r\nСледующий этап снятия ограничений стартует с 16 июня: в этот день откроются музеи, выставочные залы, стоматологические клиники, зоопарки. С 23 июня свою деятельность смогут продолжить фитнес-залы и бассейны. Также можно будет пользоваться объектами городской инфраструктуры: беседками, лавочками, детскими и спортивными площадками.\r\nОднако жителям столицы все еще следует вести себя осторожно и соблюдать режим самосохранения, то есть не пренебрегать социальной дистанцией, масками и перчатками.\r\nАктуальные данные о ситуации с COVID-19 в России и мире представлены на портале стопкоронавирус.рф.', '2020-06-14', 2, 'accepted'),
(17, 'Московские заводы увеличили выпуск лифтов на 40%', 'Предприятия Москвы в первом квартале 2020 года произвели около 3,5 тысячи лифтов, что на 40% выше аналогичного показателя прошлого года, сообщает пресс-служба городского департамента инвестиционной и промышленной политики (ДИПП).\r\n&#34;Несмотря на период временных ограничений, московские предприятия по некоторым категориям показывают рост производства. За первый квартал в Москве выпущено около 3,5 тысячи лифтов, что по сравнению с тем же периодом 2019 года выше почти на 40%. Такие показатели стали возможны благодаря расширению партнерской сети предприятий и высокому качеству продукции, которая востребована в жилищном строительстве и медицинских учреждениях по всей стране&#34;, приводятся в сообщении слова заместителя мэра Москвы по вопросам экономической политики и имущественно-земельных отношений Владимира Ефимова.\r\nВ пресс-службе напомнили, что в Москве расположены четыре производителя лифтов и комплектующим к ним, два из них крупнейшие в стране – АО &#34;Щербинский лифтостроительный завод&#34; и ПАО &#34;Карачаровский механический завод&#34;.\r\n&#34;Активнее всех с регионами сотрудничает Щербинский лифтостроительный завод - лидерами по заказам стали Мурманская область, Москва и Подмосковье, Иркутская область. Продукция Карачаровского механического завода востребована в сегментах нового жилищного строительства, программах Фондов капитального ремонта по замене лифтового оборудования и программе реновации&#34;, – рассказал руководитель ДИПП Александр Прохоров, которого цитирует пресс-служба.', '2020-06-15', 4, 'accepted'),
(18, 'Москва выполнила 50% годового плана по вводу недвижимости', 'В Москве с начала года сдали более 4,3 миллиона квадратных метров недвижимости, что составляет половину годового плана, сообщила пресс-служба столичного стройкомплекса.\r\nКак отмечается в нем, около 90% введенной в эксплуатацию недвижимости в столице построено за счет частных девелоперов. В частности, в Москве за пять месяцев построили 11 школ и детских садов, пять объектов здравоохранения, четыре спортивных сооружения, четыре объекта культуры, 20 торговых и офисных комплексов, четыре гостиницы и апартотеля.\r\nВсего в столице в 2020 году планируется сдать в эксплуатацию примерно 8,5 миллиона квадратных метров.', '2020-06-15', 4, 'accepted'),
(19, 'Надия Черкасова: банки оперативно помогают МСП', 'О том как изменилась работа банков с малым и средним бизнесом в период пандемии коронавируса РИА Новости рассказала зампред правления банка &#34;Открытие&#34;, вице-президент общественной организации малого и среднего предпринимательства &#34;Опора России&#34; Надия Черкасова.\r\n- Как, по вашим оценкам сейчас чувствует себя малый и средний бизнес? Насколько сильно влияние карантинных мер?\r\n- Режим самоизоляции особенно сильно повлиял на предпринимателей. Они вынуждены были остановить текущую деятельность и фиксируют убытки. По данным экспертов, в Москве около 73% торговых точек было закрыто, в Санкт-Петербурге - около 60%. В разных регионах цифра колеблется в районе 50%.\r\nОсновной удар пришелся на отрасли туризма, автоперевозок, ресторанного бизнеса, обычных бытовых услуг, которыми мы пользуемся каждый день: парикмахерские, химчистки и многое другое. Примерно 20% наших клиентов относятся именно к этим отраслям. По цепочке начинают испытывать проблемы их поставщики, подрядчики и перевозчики. В то же время, ряд отраслей, ориентированных на дистанционные продажи, увеличили объемы бизнеса. В первую очередь, это интернет-ритейлеры, доставка на дом, онлайн обучение и другие.\r\n- Что делают банки, в частности, &#34;Открытие&#34;, чтобы помочь МСП?\r\n- Мы активно работаем на рынке МСП и, не дожидаясь государственных мер, уже в марте первыми предложили специальные программы нашим клиентам. Банки работают как в логике мер господдержки, так и в рамках собственных, направленных на потребности своих клиентов. Государство оперативно отреагировало на сложившуюся ситуацию. Чтобы избежать банкротства многих предприятий, правительство и банки ввели беспрецедентные меры по их поддержке. Выстроено онлайн взаимодействие с банками и деловыми сообществами. В итоге родилась целая система из нескольких направлений. Уже в первом пуле предложены шестимесячные кредитные каникулы по переносу оплаты процентов и основного долга, программа кредитования под 0% на зарплаты. И пул решений по налоговым каникулам.\r\nОдновременно банки предложили снижение расходов на расчетно-кассовое обслуживание, отмену комиссий и дополнительных тарифов. Наш банк реализовал программу &#34;Поставь расходы на паузу&#34;. В банковской группе 420 тысяч клиентов: 210 тысяч банка &#34;Открытие&#34; и столько же - в &#34;Точке&#34;. Мы внедрили собственные программы для тех клиентов, кто испытывает трудности, вне зависимости от вида деятельности. Они делятся на два пула: для клиентов из пострадавших отраслей, к которым применима господдержка, и для тех, кому банк предлагает собственную программу реструктуризации, учитывая разные потребности клиентов. Программы банков направлены как на поддержку, так и создание новых бизнес-моделей.\r\n- Как много ваших клиентов уже воспользовалось этими программами?\r\n- К нам обратилось более 3,5 тысяч клиентов с общей задолженностью около 31 миллиардов рублей. Из них более 23 миллиарда – это запросы на наши собственные программы.\r\n- Какие еще решения есть для бизнеса, который сейчас страдает из-за карантинных мер?\r\n- Сейчас в основном звучит проблема кредитных клиентов. Однако из всех предприятий МСП лишь 40% задумываются о том или ином кредитном продукте. Процент проникновения кредитов не такой высокий – по разным оценкам, не более 20%.\r\nА есть еще 80%, у которых нет никаких кредитов, но которым тоже нелегко. Мы предложили им меры по сокращению расходов – снизили торговый эквайринг до 1%, обнулили многие комиссии по РКО, за снятие денег на зарплату и многое другое. На первый взгляд кажется, это набор небольшой. Но если у клиента, например, 10 точек закрылось, при этом у него на обслуживании остались POS-терминалы. В среднем ему это обходится в 500 рублей в месяц. Для 10 точек это уже будет 5 тысяч. А если таких терминалов 30? Сумма получается уже больше, чем один МРОТ, который государство субсидирует.\r\n- Что нужно сделать, чтобы получить реструктуризацию, тем, у кого есть кредиты?\r\n- Обратиться в банк. Любым удобным способом: отправить заявку через интернет-банк, через наш скай-офис, или прийти в офисы, которые продолжают работать оффлайн. Можно оставить заявку на сайте. В заявке отмечается причина, по которой клиент обращается. Затем с ним свяжется менеджер и предложит вариант реструктуризации. Можно отсрочить платеж и перенести его на конец текущего срока кредитования. Или дополнительно увеличить срок кредита - до 12 месяцев.\r\n- Кому банк может отказать в реструктуризации?\r\n- Банк, действительно, может отказать в кредите. Нет смысла заниматься реструктуризацией, если компания уже находится в стадии банкротства и ликвидации. Так мы просто передвигаем проблему на какой-то период, но мы ее не решаем. Но процент таких клиентов минимальный. Если выручка клиента не упала или позволяет безболезненно обслуживать текущий кредит, реструктуризация тоже не требуется.\r\nК причинам отказа относится и отрицательная кредитная история. Мы всегда запрашиваем БКИ. Здесь наша задача объяснить клиенту, что нет смысла брать на себя дополнительную нагрузку и помочь найти ему выход из ситуации.\r\nБанки сейчас активно работают: выдают кредиты, открывают счета. Если бы мы только обслуживали клиентов в рамках существующего портфеля, потом было бы необходимо оказывать помощь банкам. Важно, чтобы клиент понимал, как в текущий момент он может перестроить свою модель. То есть он не просто закрылся и ждет мер поддержки.\r\n- Сколько запросов на беспроцентные кредиты поступило в ваш банк?\r\n- Мы получили более 1000 обращений на сумму 2 миллиарда рублей. Половина заявок одобрена.\r\nЯ считаю, что наиболее эффективная мера – прямое субсидирование. Например, в Германии малый и средний бизнес получает прямые дотации. Суть беспроцентного кредитования – один МРОТ на сотрудника на месяц. Это скорее помощь, но не решение проблемы.\r\nПредпринимателю нужно задуматься, что сейчас лучше: остановиться и закрыться, и отправить своих сотрудников на биржу труда, а потом открыться снова и набрать персонал. Либо взять на себя дополнительную платежную нагрузку и продолжить выплачивать зарплату, частично компенсировав этим беспроцентным кредитом. Но он должен осознавать, что это увеличение кредитной нагрузки. В этом случае мы консультируем клиентов. В итоге, где-то 30% из одобренных кредитов они не берут. Понимают, что им это не нужно.\r\nПоявилась новая мера – прямые гранты на субсидирование зарплаты. Я привела пример Германии – там пошли именно по этому пути. Но это не значит, что не надо пробовать иные решения. Если клиент уверен в завтрашнем дне и понимает, как будет выглядеть его бизнес, то ему нужно брать на себя дополнительную кредитную нагрузку, чтобы не изымать деньги из своих оборотных средств. Но если компания чувствует себя нестабильно, нужно задуматься. Через 6 месяцев надо будет возвращать тело кредита. И тут задача банка работать с каждой заявкой.\r\n- Есть ли опасения, что ощутимая доля этих зарплатных кредитов в итоге не вернется?\r\n- Здесь сложно прогнозировать. Во-первых, все эти кредиты имеют 75%-ю гарантию ВЭБа, и прямой риск банка – 25%. Во-вторых, малый и средний бизнес у нас к этому кризису пришел достаточно зрелым. Когда в марте начались первые сигналы, мы увидели досрочные погашения. Обычно они составляют 2-2,5% от портфеля, а в начале весны уровень достиг 4%. То есть часть предпринимателей, понимая, что им придется сокращать обороты бизнеса, осознанно предприняли меры, чтобы избежать кредитной нагрузки.\r\n- Не считаете ли вы, что нынешний кризис напугает предпринимателей и люди станут менее охотно начинать свой бизнес?\r\n- Конечно же, нет. Предпринимателями становятся в основном те люди, которые прекрасно понимают, что каждый день зависит от их собственных действий. И, кстати, именно малый бизнес быстро перестроился под потребности и новые поведенческие модели потребителей.\r\nДаже в стабильное время разными программами стимулирования пользовалось примерно 5% предпринимателей. Сейчас ими воспользуются 20%. Все остальные – это те предприниматели, которые будут находить новые формы работы. Конечно, никакого страха не появится. Мы все уже давно имеем &#34;прививку&#34;. Было много кризисов – и 2008 год, и резкий рост ключевой ставки в 2014-м. Предпринимательство отличается тем, что быстро перестраивается и адаптируется.\r\n- Как много, на ваш взгяд, будет предприятий, которым все-таки придется закрыться?\r\n- Есть разные экспертные мнения. По данным Торгово-промышленной палаты, около 30% предпринимателей не откроют свой бизнес, уйдут в логику работы по найму. Но мы считаем, что это, наверное, завышенные оценки. Коридор находится на уровне где-то 15-20%. Это те компании, которые закроются. Но часть из них - на время. Мы потом увидим открытие счетов.\r\nЕсть данные ФНС, которые мы смотрим в еженедельном режиме. Понятно, сейчас снизилось количество регистраций новых предприятий. Многие не знают, что можно это делать дистанционно. У части людей есть привычка приходить в офис. Но эта привычка начинает меняться. А кризис этот процесс ускорил.\r\n- Организация вашей работа как-то изменилась?\r\n- Мы иногда обсуждаем внутри банка, а нужно ли нам такое количество арендных площадей. Я вижу, что примерно половина моей команды могла бы работать дистанционно. Приходить раз в неделю в офис, который станет магнитом, куда приходят на дизайн-сессии, поддержание эмоционального контакта.\r\nУ нас был стереотип о том, кто может работать удаленно – и это была только небольшая часть людей. Оказывается, работать из дома могут многие. Конечно, это повлияет на экономику в целом: тебе не нужно столько одежды, ты не пользуешься часто транспортом, не заливаешь бензин в машину. Это интересное время для того, чтобы перестроить свой бизнес.', '2020-06-15', 5, 'accepted'),
(20, 'Индекс Мосбиржи упал ниже 2700 пунктов, РТС – ниже 1200', 'Российский рынок акций падает по основным индексам вслед за нефтью марки Brent и рублем, рублевый индекс Мосбиржи упал ниже 2700 пунктов впервые с 22 мая, долларовый РТС – ниже 1200 пунктов впервые с 27 мая, свидетельствуют данные Московской биржи.\r\nИндекс Мосбиржи к 10.08 мск понедельника падал на 2,33% - до 2679,8 пункта, индекс РТС - на 3,21% - до 1198,01 пункта.\r\nК текущему моменту рубль к доллару снижается на 22 копейки - до 70,42 рубля.\r\nАвгустовский фьючерс на нефть марки Brent падает на 3,2% - до 37,49 доллара за баррель.', '2020-06-15', 5, 'accepted'),
(21, '&#34;Мусорные&#34; компании получат более 1 млрд рублей помощи', 'Региональные операторы по обращению с отходами могут получить еще свыше 1,1 миллиарда рублей в рамках федеральной поддержки в связи с пандемией коронавируса, сообщил РИА Новости глава Минприроды Дмитрий Кобылкин.\r\n&#34;Напомню, выделение субсидий из федерального бюджета на обеспечение мер поддержки региональных операторов в сфере обращения с твердыми коммунальными отходами предусмотрено в размере 9,25 миллиарда рублей. В настоящее время речь идет о распределении 8,1 миллиарда между 67 субъектами Федерации, которые предоставили в Минприроды России сведения, подтверждающие выполнение необходимых условий по организации деятельности региональных операторов в сфере обращения с ТКО. Оставшаяся сумма – 1,148 миллиарда – также будет распределена между регионами при предоставлении ими в Минприроды России необходимого пакета документов&#34;,- сказал Кобылкин.\r\nКак ранее поясняли в ведомстве, субсидии будут выделяться регионам, а они должны распределить их между операторами по обращению с отходами. Решение правительства о выделении средств для помощи &#34;мусорным&#34; компаниям было принято в конце апреля.', '2020-06-15', 7, 'accepted'),
(22, 'Банки РФ: как заемщики рефинансировали ипотеку в мае', 'Некоторые российские банки зафиксировали кратный рост рефинансирования ипотечных кредитов в мае и с начала года в годовом выражении. При этом другие игроки, напротив, не видели увеличения или даже отмечали падение подобных сделок, показал опрос кредитных организаций, проведенный РИА Новости.\r\nНа прошлой неделе ВТБ сообщил, что банк по итогам первых пяти месяцев года рефинансировал ипотечные кредиты на 82,2 миллиарда рублей. Это в пять раз выше показателя аналогичного периода прошлого года. При этом только в мае объем выдач вырос до 16,4 миллиарда рублей - в восемь раз по сравнению с маем 2019 года.\r\nБанк &#34;Дом РФ&#34; с начала года выдал свыше 4,5 тысячи кредитов по программе рефинансирования взятой в другом банке ипотеки на сумму почти 11 миллиардов рублей, что примерно в 2,5 раза больше, чем за январь-май 2019 года. В мае этого года банк выдал около 600 таких кредитов на сумму 1,4 миллиарда рублей. &#34;Спрос на программу рефинансирования постоянно растет, мы нацелены на дальнейшее наращивание объемов выдач&#34;, - отметил директор ипотечного бизнеса банка &#34;Дом.РФ&#34; Игорь Ларин.\r\nПри этом некоторые игроки, несмотря на то, что рефинансирование является одним из самых востребованных ипотечных продуктов из-за общего снижения ставок на рынке, не увидели его роста в мае. Так в &#34;Абсолют банке&#34; объем рефинансированных кредитов стабильно составляет около 10% от общего портфеля на протяжении последних нескольких лет. А в мае 2020 года объем рефинансированных кредитов снизился на 30%, но при этом количество кредитов увеличилось на 20% по сравнению с маем 2019 года, пояснил управляющий директор &#34;Абсолют банка&#34; Антон Павлов.\r\nВ Райффайзенбанке также указывают, что с начала года объем рефинансирования ипотеки &#34;немного снизился&#34;. За первые пять месяцев общая доля таких сделок составила порядка 47% относительно общего объема выдач. В мае этот показатель составил 45%, рассказал руководитель направления по развитию ипотечного кредитования Райффайзенбанка Антон Красильников. В ПСБ заявили, что на долю рефинансирования приходится 30% кредитов, выданных с начала года. При этом в мае ипотечные выдачи сократились из-за продолжающегося влияния ограничительных мер, а также длинных выходных, доля рефинансирования при этом вернулась к среднему за текущий год значению в 30%.\r\n&#34;Ожидаем, что в течение лета объемы кредитования восстановятся до уровня февраля-марта, доля рефинансирования при этом сохранится на прежнем уровне&#34;, - отметила руководитель центра разработки ипотечных продуктов ПСБ Марина Заботина. В Альфа-банке также ожидают, что в июне и последующих месяцах будет прирост &#34;объема ипотечного кредитования вообще и рефинансирования в частности&#34;. При этом в банке привели данные по падению рефинансирования в мае по сравнению с апрелем, оно снизилось на 18%.', '2020-06-15', 7, 'accepted'),
(23, 'Центробанк об ограничениях эквайринговых комиссий', 'Ограничение эквайринговых комиссий, введенное на фоне коронавируса, носит временный характер и направлено в том числе на поддержку предприятий малого и среднего бизнеса, сообщили РИА Новости в пресс-службе Банка России.\r\nВ связи с пандемией власти РФ ввели ряд мер по поддержке торговли. В частности, ЦБ с 15 апреля по 30 сентября ограничил эквайринговые комиссии при онлайн-покупках продуктов, лекарств и товаров повседневного спроса уровнем 1%, а с 1 июня по 30 сентября - банковские комиссии при оплате картами медицинских услуг. В ряде случаев банки временно отменили для клиентов эквайринговую комиссию и плату за обслуживание терминалов.\r\n&#34;Ограничение эквайринговых комиссий по определенным категориям ТСП (торгово-сервисные предприятия - ред.) носит временный характер и направлено на поддержку в том числе МСП в период пандемии коронавируса&#34;, - сказали в ЦБ.\r\nАссоциация банков России (АБР) в письме премьер-министру РФ Михаилу Мишустину выступила против дальнейшего ограничения эквайринговых комиссий. По мнению ассоциации, это приведет к необходимости субсидировать их эквайринговый бизнес и отвлечет средства из других приоритетных отраслей.\r\nКроме того, в ассоциации опасаются, что банки на фоне ограничения эквайринговых комиссий могут начать взимать плату за выпуск карт, использование платежных приложений и допуск к колл-центру.', '2020-06-15', 7, 'accepted'),
(24, 'ФНС ускорила снятие ограничений операций по счетам должников', 'Федеральная налоговая служба (ФНС) России доработала личные кабинеты юридического лица и индивидуального предпринимателя, чтобы ускорить снятие ограничений операций по счетам должников после погашения ими задолженности, сообщает служба.\r\n&#34;ФНС России доработала личные кабинеты юридического лица и индивидуального предпринимателя для ускорения снятия ограничений операций по счетам должников и актуализации интернет-сервиса &#34;Банкинформ&#34; о наличии действующих решений о приостановлении&#34;, - говорится в сообщении.\r\nУточняется, что налогоплательщики теперь могут сами подать электронное обращение и приложить платежки, подтверждающие погашение задолженности. Благодаря обновлению снятие ограничений по счетам будет проходить вдвое быстрее.\r\n&#34;Также теперь в личных кабинетах юридического лица и индивидуального предпринимателя пользователи смогут ознакомиться с документами, которые стали основанием для приостановления в соответствии с пунктом 2 статьи 76 Налогового кодекса Российской Федерации, с указанием суммы, в отношении которой принято такое решение, и величины непогашенного остатка по документу&#34;, - добавляется в сообщении ФНС.', '2020-06-15', 12, 'accepted'),
(25, 'В России появились в продаже Chevrolet Spark, Nexia и Cobalt', 'Автомобили бюджетного семейства Chevrolet, выпускающиеся на заводе UzAuto Motors в Узбекистане и известные в России под маркой Ravon, вновь появились в продаже в стране, сообщил РИА Новости официальный дистрибьютор UzAuto Motors на российском рынке &#34;Келес Рус&#34;.\r\n&#34;15 июня 2020 года в рамках заключенного соглашения с General Motors UzAuto Motors объявил о старте продаж в России автомобилей Chevrolet массового сегмента. Первыми моделями, доступными российским покупателям, станут Chevrolet Spark, Nexia и Cobalt. По условиям достигнутых General Motors и UzAuto Motors договоренностей, данные модели также реализуются на экспортных рынках Белоруссии и Казахстана&#34;, - говорится в сообщении компании.\r\nОтмечается, что покупателям предложены компактный городской хэтчбек Spark (Ravon R2) с двигателем объемом 1,25 литра (85 л.с.) и автоматической коробкой передач по цене от 720 тысяч рублей, а также Chevrolet Nexia (Ravon R3) и Chevrolet Cobalt (Ravon R4) в размерном В-классе с двигателями 1,5 литра 105 и 106 лошадиных сил, стоимостью от 700 и от 750 тысяч рублей соответственно.\r\nКак поясняет дистрибьютор, дилерская сеть в РФ формируется на основе ряда действующих дилеров и авторизованных сервисных центров General Motors, а также части существующих дилеров Ravon с учетом их географического расположения и степени соответствия стандартам бренда. Сам Ravon возобновлял продажи в России осенью прошлого года, но больших успехов не добился - к концу 2019 года было продано лишь 683 машины.\r\n&#34;На сегодняшний день на дилерство Chevrolet массового сегмента претендуют несколько десятков дилерских предприятий-кандидатов, которые расположены в крупных городах на территории России, что обеспечит равномерный охват. Первые из них начинают работу уже сегодня, а в самое ближайшее время произойдет расширение дилерской сети благодаря новым партнерам в Москве, Санкт-Петербурге, Краснодаре, Ростове-на-Дону, и других городах миллионниках. Дилерские предприятия будут оказывать весь спектр услуг, соблюдая рекомендованные стандарты бренда&#34;, - поясняет компания.\r\n&#34;На этот год перед нами больше стоят операционные цели нежели количественные, но по позитивному сценарию мы планируем выйти к концу 2020 года на объем продаж в 10 тысяч машин&#34;, - говорит исполнительный директор &#34;Келес Рус&#34; Вадим Артамонов.', '2020-06-15', 12, 'accepted'),
(26, 'Глава Минприроды: об ОПЕК+ и стабилизации цен на нефть', 'Сделка стран ОПЕК+ по сокращению добычи нефти позволила стабилизировать цены на это сырье, баланс спроса и предложения на мировых рынках окажет позитивное влияние на геологоразведку в России, заявил в интервью РИА Новости глава Минприроды РФ Дмитрий Кобылкин.\r\n&#34;Сделка ОПЕК+ оказывает общесистемное воздействие на отрасль. В условиях низких цен и переизбытка предложения нефти на рынке компании начинают оптимизировать, сокращать, затраты, и одними из первых в этом списке являются затраты на поиск и разведку новых месторождений&#34;, - сказал Кобылкин, отвечая на вопрос о влиянии сделки ОПЕК+ на темп развития ГРР в России в ближайшие два года.\r\nОн отметил, что на объемы снижения ГРР также влияет ситуация с распространением коронавирусной инфекции в части сдвига начала их проведения, поэтому оценить объем снижения ГРР будет возможно по итогам года.\r\n&#34;На данном этапе сделка ОПЕК+ позволила стабилизировать цены на нефть. Если спрос и предложение на мировых рынках придут в равновесие, а именно на это нацелена сделка ОПЕК+, это окажет позитивное влияние на сектор геологоразведки&#34;, - добавил министр.\r\nНовые договоренности ОПЕК+ стартовали с мая с двухмесячного сокращения добычи нефти на 9,7 миллиона баррелей в сутки, 6 июня оно было продлено на июль. Далее снижение уменьшится до 7,7 миллиона баррелей в сутки на период до конца года и 5,8 миллиона до конца апреля 2022 года. Базой отсчета взят октябрь 2018 года, но для РФ и Саудовской Аравии - 11 миллионов баррелей в сутки, от которых по аналогии идет снижение на 23%, 18% и 14% соответственно. При этом страны, недовыполнявшие свои обязательства в мае-июне, обязались компенсировать это в июле-сентябре.', '2020-06-15', 12, 'accepted'),
(27, 'СМИ: открытый чемпионат США по теннису состоится в 2020 году', 'Открытый чемпионат США по теннису в сезоне-2020 будет проведен, сообщает Forbes.\r\nОфициально об этом должно быть объявлено в ближайшее время. Ассоциация теннисистов-профессионалов (АТР) и Женская теннисная ассоциация (WTA) собираются одобрить план проведения турнира.\r\nОжидается, что на матчи US Open не будут допущены болельщики и пресса, но на данный момент это еще не подтверждено.\r\nРанее первая и вторая ракетки мира серб Новак Джокович и испанец Рафаэль Надаль соответственно высказывали обеспокоенность по поводу проведения US Open и возможных ограничений на турнире из-за пандемии коронавируса.\r\nОткрытый чемпионат США должен пройти с 31 августа по 13 сентября в Нью-Йорке.', '2020-06-15', 2, 'accepted'),
(28, 'Бывший хоккеист &#34;Трактора&#34; Олег Мальцев скончался на 58-м го', 'Бывший хоккеист &#34;Трактора&#34; Олег Мальцев ушел из жизни в возрасте 57 лет, сообщается на официальном сайте челябинского клуба.\r\nПричины смерти нападающего &#34;Трактора&#34; 1980-1990-х годов не уточняются.\r\nМальцев был воспитанником челябинского хоккея и провел за &#34;Трактор&#34; в общей сложности 11 сезонов, отыграв 286 матчей, в которых форвард набрал 150 очков (81 шайба + 69 передач). В феврале 2019 года именной свитер Мальцева был поднят под своды арены &#34;Трактора&#34;.\r\n&#34;Тройка Астраханцев-Федулов-Мальцев навсегда останется в памяти болельщиков как одна из самых ярких в истории клуба. В сезоне-1992/93 она стала самой результативной в чемпионате страны. Коллектив хоккейного клуба &#34;Трактор&#34; выражает свои глубочайшие соболезнования семье Олега Мальцева. Мы скорбим вместе с вами. Помним&#34;, - говорится в сообщении.', '2020-06-15', 4, 'accepted'),
(29, 'Тарасова о на назначении Плющенко тренером сборной России', 'Заслуженный тренер СССР по фигурному катанию Татьяна Тарасова отреагировала на назначение двукратного олимпийского чемпиона Евгения Плющенко тренером сборной России.\r\nСпециалист в интервью радиостанции &#34;Говорит Москва&#34; отметила, что результатов не стоит ждать сразу.\r\n&#34;Я думаю, что надо запастить терпением. Нужно наблюдать процесс наборки мастерства&#34;, - отметила она.\r\nРанее на сайте Федерации фигурного катания на коньках России появился документ, согласно которому, Плющенко является одним из специалистов, работающих с национальной командой.', '2020-06-15', 4, 'accepted'),
(30, 'Зидан: странно играть без зрителей, но &#34;Реал&#34; адаптировался', 'Главный тренер мадридского &#34;Реала&#34; Зинедин Зидан заявил, что команда понемногу адаптируется к нынешним условиям проведения матчей.\r\nЧемпионат Испании по футболу, прерванный из-за эпидемии коронавируса в середине марта, возобновился в четверг. Все матчи проходят без зрителей на трибунах. В своем первом после возобновления турнира матче &#34;Реал&#34; обыграл со счетом 3:1 &#34;Эйбар&#34;.\r\n&#34;У меня осталось хорошее чувство, хотя оно и кажется немного странным (так как игра прошла без болельщиков). Мы так рады вернуться на футбольное поле, что это не имеет значения, мы адаптируемся к ситуации&#34;, - цитирует Зидана France Football.\r\nПобеда над &#34;Эйбаром&#34; вывела Зидана на чистое второе место среди всех тренеров &#34;Реала&#34; по числу победных матчей в Примере. На его счету 90 победных матчей на тренерском мостике. Лидером является Мигель Муньос, на счету которого 257 побед.', '2020-06-15', 4, 'accepted'),
(31, 'СМИ: &#34;Челси&#34; выставит летом на трансфер шестерых футболистов', 'Лондонский &#34;Челси&#34; намерен расстаться в ближайшее трансферное окно с шестью футболистами, чтобы компенсировать затраты на переходы новичков в стан &#34;синих&#34;, сообщает The Sun.\r\nКак отмечается, в списке &#34;на выход&#34; Эмерсон Палмери, Тьемуэ Бакайоко, Миши Батшуайи, Давиде Дзаппакоста, Виктор Мозес и Дэнни Дринкуотер. Не считая Эмерсона, все остальные игроки из списка в настоящее время выступают за другие команды на правах аренды.\r\nЗа счет продажи этих шестерых игроков лондонцы рассчитывают компенсировать часть затрат на трансферы &#34;на вход&#34;. &#34;Челси&#34; ранее уже официально договорился о переходе летом Хакима Зиеша из &#34;Аякса&#34; за 37 миллионов фунтов стерлингов, также &#34;синие&#34; намерены усилить линию атаки двумя футболистами из бундеслиги – это Тимо Вернер из &#34;Лейпцига&#34; и Кай Хаверц из &#34;Байера&#34;. Еще одной трансферной целью &#34;Челси&#34; является Бен Чилвелл из &#34;Лестер Сити&#34;.\r\nОбщая сумма расходов &#34;Челси&#34; на трансферы этим летом может составить до 250 миллионов фунтов.', '2020-06-15', 4, 'accepted'),
(32, 'Агент Вагнера опроверг факт договора бразильца с ЦСКА', 'Агент бразильского форварда Вагнера Лава Эвандро Феррейра отреагировал на информацию о возвращении футболиста в ЦСКА.\r\nПо словам представителя бразильского нападающего, договоренностей с московскими армейцами стороны на данный момент не достигли.\r\n&#34;Все думают, что он возвращается в Россию, но он может перейти в другое место&#34;, - заявил Феррейра.\r\nВагнер Лав ранее выступал за ЦСКА в 2004-2012 и 2013 годах. В составе армейцев бразилец, которому 11 июня исполнилось 36 лет, трижды становился чемпионом, шесть раз выигрывал Кубок России и четырежды - Суперкубок страны, а также стал обладателем Кубка УЕФА-2004/05.', '2020-06-16', 2, 'accepted');

-- --------------------------------------------------------

--
-- Структура таблицы `users`
--

CREATE TABLE `users` (
  `id` int NOT NULL,
  `name` varchar(50) NOT NULL,
  `email` varchar(50) NOT NULL,
  `password` varchar(255) NOT NULL,
  `type_id` int NOT NULL,
  `date` date DEFAULT NULL
) ENGINE=InnoDB DEFAULT CHARSET=utf8;

--
-- Дамп данных таблицы `users`
--

INSERT INTO `users` (`id`, `name`, `email`, `password`, `type_id`, `date`) VALUES
(1, 'Перфильев Алексей Олегович', 'lexa070301@mail.ru', '$2y$10$rEdPoOUItzzOZpwYptGEd.b15b4wAjUGLllECkYVJcA2T5X.M23FG', 1, '2020-06-11'),
(2, 'Василий Пупкин', 'pupkin@mail.ru', '$2y$10$jXbUEr5AkkLNYbsQcwwoe.OP1sp2TdeLd0Pkg/Zw8emQtHwQKzS7y', 2, '2020-06-12'),
(4, 'Башечкин Александр Юрьевич', 'bash@mail.ru', '$2y$10$zniqFwwiRdVF61Z.4733Su2qc62iydpp3LOZu8rFiEi82W/a/0svq', 2, '2020-06-12'),
(5, 'Кульков Дмитрий Сергеевич', 'kul@gmail.com', '$2y$10$3RYN9i2FUKB.rSO6wdwSo.WZQ1AHiyw2zW.GPo7cE69J7Kwwil1YC', 2, '2020-06-12'),
(6, 'Белова Виктория Михайловна', 'belova007@gmail.com', '$2y$10$YnJ8g0zgXUhgI4ErDgaK0OqYLZcR9NoUy.Zgm2fTreaukPRUlslo6', 2, '2020-06-13'),
(7, 'Лебедев Павел Петрович', 'Lebed@mail.ru', '$2y$10$JIflU0ioO.WPmo.1Jxd9O.OpcRnEdgF0GgNObP66xpT8oA/82RNYS', 2, '2020-06-13'),
(8, 'Евгеха', 'evgexastrap@gmail.com', '$2y$10$qj1C5Auvuk0UM3MZ2bt6z.O/0PpSEgirzYT4Gxz0irNrX.AqTo6Ki', 2, '2020-06-14'),
(9, 'Кица Довакин', 'softpaws@mail.ru', '$2y$10$Tux6EMylKbF9sy5x3qjSP.rpLTFdF7X1WGBqsaiHu.bjvuJUz.bZS', 2, '2020-06-14'),
(10, 'Нимфадора', 'sosunreal@reptile.ob', '$2y$10$XtUocY4otORp/tfXHwBWUeycFKsVhLYgY3HX2vJeNMK3JperB/DL.', 2, '2020-06-15'),
(12, 'Эдитов Пётр Валерьевич', 'edit@gmail.com', '$2y$10$MXNzP6wxWGPK6PqA/Q/AlO7uZ3tM5suEvxm3XE2/LiHGSXzBKUMui', 3, '2020-06-15'),
(13, 'Алексей Навальный', 'naval@gmail.com', '$2y$10$ztR.FFBIj2qcJrSKrEQgTuE/e2XKFgyCfm1velR8XydLio9OJ8RfS', 2, '2020-06-20'),
(14, 'Ивашкин Антон', 'ivash1337@mail.ru', '$2y$10$OcofjnmeN3Oi0a0odZCev.v8GXQC1F3R4jEGdftCOrmt/B0k.QIQK', 3, '2020-06-21');

-- --------------------------------------------------------

--
-- Структура таблицы `user_types`
--

CREATE TABLE `user_types` (
  `id` int NOT NULL,
  `type_name` varchar(30) NOT NULL
) ENGINE=InnoDB DEFAULT CHARSET=utf8;

--
-- Дамп данных таблицы `user_types`
--

INSERT INTO `user_types` (`id`, `type_name`) VALUES
(1, 'Admin'),
(2, 'User'),
(3, 'Editor');

--
-- Индексы сохранённых таблиц
--

--
-- Индексы таблицы `categories`
--
ALTER TABLE `categories`
  ADD PRIMARY KEY (`id`);

--
-- Индексы таблицы `join_table`
--
ALTER TABLE `join_table`
  ADD KEY `news_id` (`news_id`),
  ADD KEY `category_id` (`category_id`);

--
-- Индексы таблицы `keywords`
--
ALTER TABLE `keywords`
  ADD KEY `category_id` (`category_id`);

--
-- Индексы таблицы `news`
--
ALTER TABLE `news`
  ADD PRIMARY KEY (`id`),
  ADD KEY `author_id` (`author_id`);

--
-- Индексы таблицы `users`
--
ALTER TABLE `users`
  ADD PRIMARY KEY (`id`),
  ADD UNIQUE KEY `email` (`email`),
  ADD KEY `type_id` (`type_id`);

--
-- Индексы таблицы `user_types`
--
ALTER TABLE `user_types`
  ADD PRIMARY KEY (`id`);

--
-- AUTO_INCREMENT для сохранённых таблиц
--

--
-- AUTO_INCREMENT для таблицы `categories`
--
ALTER TABLE `categories`
  MODIFY `id` int NOT NULL AUTO_INCREMENT, AUTO_INCREMENT=4;

--
-- AUTO_INCREMENT для таблицы `news`
--
ALTER TABLE `news`
  MODIFY `id` int NOT NULL AUTO_INCREMENT, AUTO_INCREMENT=33;

--
-- AUTO_INCREMENT для таблицы `users`
--
ALTER TABLE `users`
  MODIFY `id` int NOT NULL AUTO_INCREMENT, AUTO_INCREMENT=15;

--
-- AUTO_INCREMENT для таблицы `user_types`
--
ALTER TABLE `user_types`
  MODIFY `id` int NOT NULL AUTO_INCREMENT, AUTO_INCREMENT=4;

--
-- Ограничения внешнего ключа сохраненных таблиц
--

--
-- Ограничения внешнего ключа таблицы `join_table`
--
ALTER TABLE `join_table`
  ADD CONSTRAINT `join_table_ibfk_1` FOREIGN KEY (`news_id`) REFERENCES `news` (`id`) ON DELETE RESTRICT ON UPDATE RESTRICT,
  ADD CONSTRAINT `join_table_ibfk_2` FOREIGN KEY (`category_id`) REFERENCES `categories` (`id`) ON DELETE RESTRICT ON UPDATE RESTRICT;

--
-- Ограничения внешнего ключа таблицы `keywords`
--
ALTER TABLE `keywords`
  ADD CONSTRAINT `keywords_ibfk_1` FOREIGN KEY (`category_id`) REFERENCES `categories` (`id`) ON DELETE RESTRICT ON UPDATE RESTRICT;

--
-- Ограничения внешнего ключа таблицы `news`
--
ALTER TABLE `news`
  ADD CONSTRAINT `news_ibfk_1` FOREIGN KEY (`author_id`) REFERENCES `users` (`id`) ON DELETE RESTRICT ON UPDATE RESTRICT;

--
-- Ограничения внешнего ключа таблицы `users`
--
ALTER TABLE `users`
  ADD CONSTRAINT `users_ibfk_1` FOREIGN KEY (`type_id`) REFERENCES `user_types` (`id`) ON DELETE RESTRICT ON UPDATE RESTRICT;
COMMIT;

/*!40101 SET CHARACTER_SET_CLIENT=@OLD_CHARACTER_SET_CLIENT */;
/*!40101 SET CHARACTER_SET_RESULTS=@OLD_CHARACTER_SET_RESULTS */;
/*!40101 SET COLLATION_CONNECTION=@OLD_COLLATION_CONNECTION */;
